-- author insert
insert into lab.authors (authors_id, authors_fist_name, authors_last_name) values (1, 'Nils', 'Barton');
insert into lab.authors (authors_id, authors_fist_name, authors_last_name) values (2, 'Juvenal', 'Kirlin');
insert into lab.authors (authors_id, authors_fist_name, authors_last_name) values (3, 'Brando', 'Barrows');
insert into lab.authors (authors_id, authors_fist_name, authors_last_name) values (4, 'Marley', 'Bauch');
insert into lab.authors (authors_id, authors_fist_name, authors_last_name) values (5, 'Maurine', 'O''Reilly');
insert into lab.authors (authors_id, authors_fist_name, authors_last_name) values (6, 'Claudine', 'Runolfsson');
insert into lab.authors (authors_id, authors_fist_name, authors_last_name) values (7, 'Amber', 'Cummings');
insert into lab.authors (authors_id, authors_fist_name, authors_last_name) values (8, 'Liam', 'Ernser');
insert into lab.authors (authors_id, authors_fist_name, authors_last_name) values (9, 'Abelardo', 'Schowalter');
insert into lab.authors (authors_id, authors_fist_name, authors_last_name) values (10, 'Vivian', 'Konopelski');
insert into lab.authors (authors_id, authors_fist_name, authors_last_name) values (11, 'Afton', 'Kautzer');
insert into lab.authors (authors_id, authors_fist_name, authors_last_name) values (12, 'Baylee', 'Pfeffer');
insert into lab.authors (authors_id, authors_fist_name, authors_last_name) values (13, 'Verona', 'Lehner');
insert into lab.authors (authors_id, authors_fist_name, authors_last_name) values (14, 'Burdette', 'Considine');
insert into lab.authors (authors_id, authors_fist_name, authors_last_name) values (15, 'Joy', 'Harvey');
insert into lab.authors (authors_id, authors_fist_name, authors_last_name) values (16, 'Margaretta', 'Lesch');
insert into lab.authors (authors_id, authors_fist_name, authors_last_name) values (17, 'Theresia', 'Ward');
insert into lab.authors (authors_id, authors_fist_name, authors_last_name) values (18, 'Ethelyn', 'Rodriguez');
insert into lab.authors (authors_id, authors_fist_name, authors_last_name) values (19, 'Tiana', 'Weissnat');
insert into lab.authors (authors_id, authors_fist_name, authors_last_name) values (20, 'Gloria', 'Cummings');
insert into lab.authors (authors_id, authors_fist_name, authors_last_name) values (21, 'Brisa', 'Kunze');
insert into lab.authors (authors_id, authors_fist_name, authors_last_name) values (22, 'Loyal', 'Okuneva');
insert into lab.authors (authors_id, authors_fist_name, authors_last_name) values (23, 'Mackenzie', 'Kihn');
insert into lab.authors (authors_id, authors_fist_name, authors_last_name) values (24, 'Gretchen', 'Watsica');
insert into lab.authors (authors_id, authors_fist_name, authors_last_name) values (25, 'Roxanne', 'Brakus');
insert into lab.authors (authors_id, authors_fist_name, authors_last_name) values (26, 'Cyril', 'Schuppe');
insert into lab.authors (authors_id, authors_fist_name, authors_last_name) values (27, 'Newton', 'Kuvalis');
insert into lab.authors (authors_id, authors_fist_name, authors_last_name) values (28, 'Jordy', 'Rau');
insert into lab.authors (authors_id, authors_fist_name, authors_last_name) values (29, 'Austin', 'O''Kon');
insert into lab.authors (authors_id, authors_fist_name, authors_last_name) values (30, 'Ewald', 'Waters');
insert into lab.authors (authors_id, authors_fist_name, authors_last_name) values (31, 'Agustina', 'Nienow');
insert into lab.authors (authors_id, authors_fist_name, authors_last_name) values (32, 'Nyasia', 'Mann');
insert into lab.authors (authors_id, authors_fist_name, authors_last_name) values (33, 'Stacey', 'Lindgren');
insert into lab.authors (authors_id, authors_fist_name, authors_last_name) values (34, 'Darrion', 'Heaney');
insert into lab.authors (authors_id, authors_fist_name, authors_last_name) values (35, 'Ila', 'Bartell');
insert into lab.authors (authors_id, authors_fist_name, authors_last_name) values (36, 'Rhea', 'Ferry');
insert into lab.authors (authors_id, authors_fist_name, authors_last_name) values (37, 'Ola', 'Hand');
insert into lab.authors (authors_id, authors_fist_name, authors_last_name) values (38, 'Tiana', 'Wisozk');
insert into lab.authors (authors_id, authors_fist_name, authors_last_name) values (39, 'Werner', 'Bashirian');
insert into lab.authors (authors_id, authors_fist_name, authors_last_name) values (40, 'Vella', 'Langworth');
insert into lab.authors (authors_id, authors_fist_name, authors_last_name) values (41, 'Winnifred', 'Trantow');
insert into lab.authors (authors_id, authors_fist_name, authors_last_name) values (42, 'Reva', 'Glover');
insert into lab.authors (authors_id, authors_fist_name, authors_last_name) values (43, 'Orville', 'White');
insert into lab.authors (authors_id, authors_fist_name, authors_last_name) values (44, 'Georgianna', 'Orn');
insert into lab.authors (authors_id, authors_fist_name, authors_last_name) values (45, 'Norberto', 'Kuphal');
insert into lab.authors (authors_id, authors_fist_name, authors_last_name) values (46, 'Justine', 'Legros');
insert into lab.authors (authors_id, authors_fist_name, authors_last_name) values (47, 'Dave', 'Ernser');
insert into lab.authors (authors_id, authors_fist_name, authors_last_name) values (48, 'Makenzie', 'Stark');
insert into lab.authors (authors_id, authors_fist_name, authors_last_name) values (49, 'Dorothea', 'Schoen');
insert into lab.authors (authors_id, authors_fist_name, authors_last_name) values (50, 'Ladarius', 'Paucek');
insert into lab.authors (authors_id, authors_fist_name, authors_last_name) values (51, 'Buford', 'Gorczany');
insert into lab.authors (authors_id, authors_fist_name, authors_last_name) values (52, 'Chad', 'Carter');
insert into lab.authors (authors_id, authors_fist_name, authors_last_name) values (53, 'Eva', 'Casper');
insert into lab.authors (authors_id, authors_fist_name, authors_last_name) values (54, 'Jakob', 'Goyette');
insert into lab.authors (authors_id, authors_fist_name, authors_last_name) values (55, 'Ilene', 'Towne');
insert into lab.authors (authors_id, authors_fist_name, authors_last_name) values (56, 'Jacky', 'Lind');
insert into lab.authors (authors_id, authors_fist_name, authors_last_name) values (57, 'Ashlynn', 'Little');
insert into lab.authors (authors_id, authors_fist_name, authors_last_name) values (58, 'Lesley', 'Erdman');
insert into lab.authors (authors_id, authors_fist_name, authors_last_name) values (59, 'Eliane', 'Gleason');
insert into lab.authors (authors_id, authors_fist_name, authors_last_name) values (60, 'Josefa', 'Graham');

-- category insert
INSERT INTO lab.category (category_id, category) VALUES (8, ' Biography');
INSERT INTO lab.category (category_id, category) VALUES (5, ' Classical Literature');
INSERT INTO lab.category (category_id, category) VALUES (6, ' Fantasy');
INSERT INTO lab.category (category_id, category) VALUES (4, ' Historic');
INSERT INTO lab.category (category_id, category) VALUES (3, ' Novel');
INSERT INTO lab.category (category_id, category) VALUES (7, ' Poetry');
INSERT INTO lab.category (category_id, category) VALUES (2, ' Sci-Fi');
INSERT INTO lab.category (category_id, category) VALUES (1, 'Comic');

-- language insert
INSERT INTO lab.language (language_id, language) VALUES (1, 'Greek');
INSERT INTO lab.language (language_id, language) VALUES (2, 'English');
INSERT INTO lab.language (language_id, language) VALUES (3, ' French');
INSERT INTO lab.language (language_id, language) VALUES (4, 'German');
INSERT INTO lab.language (language_id, language) VALUES (5, 'Italian');
INSERT INTO lab.language (language_id, language) VALUES (6, ' Spanish');

-- School_unit insert
INSERT INTO lab.School_unit (school_id, school_number, school_type, city, school_mail, address, telephone, Headmaster_first_name, Headmaster_last_name) VALUES (1, 0, 'Elementary of', 'New Conortown', 'hansen.kasandra@example.net', '77118 Wintheiser Throughway Apt. 459 Abernathyshire, MS 38913', '(607)687-3025', 'Fannie', 'Volkman');
INSERT INTO lab.School_unit (school_id, school_number, school_type, city, school_mail, address, telephone, Headmaster_first_name, Headmaster_last_name) VALUES (2, 0, 'Highschool of', 'Feeneyborough', 'ihartmann@example.net', '37475 Dahlia Curve Loraborough, KY 93121-8954', '672-724-3017x828', 'Foster', 'Oberbrunner');
INSERT INTO lab.School_unit (school_id, school_number, school_type, city, school_mail, address, telephone, Headmaster_first_name, Headmaster_last_name) VALUES (3, 0, 'Elementary of', 'East Bertrand', 'streich.kathleen@example.net', '5831 Brakus Plaza Wittingberg, KY 91299-0206', '1-426-038-0418', 'Hans', 'Smitham');
INSERT INTO lab.School_unit (school_id, school_number, school_type, city, school_mail, address, telephone, Headmaster_first_name, Headmaster_last_name) VALUES (4, 3, 'Junior Highschool of', 'Lake Candice', 'fschulist@example.org', '1037 Hills Place Suite 361 New Eli, NV 94240', '(424)381-0456', 'Berta', 'Fritsch');
INSERT INTO lab.School_unit (school_id, school_number, school_type, city, school_mail, address, telephone, Headmaster_first_name, Headmaster_last_name) VALUES (5, 0, 'Junior Highschool of', 'Petraborough', 'makenzie.pollich@example.net', '1813 Kessler Passage Suite 086 Port Audrey, AK 98479-0365', '031.399.2929x2241', 'Dino', 'Kuphal');
INSERT INTO lab.School_unit (school_id, school_number, school_type, city, school_mail, address, telephone, Headmaster_first_name, Headmaster_last_name) VALUES (6, 0, 'Junior Highschool of', 'Lisaburgh', 'anita52@example.net', '66254 Lenore Gardens Rohanchester, TX 46892', '002-204-4640x9095', 'Cordell', 'Gaylord');
INSERT INTO lab.School_unit (school_id, school_number, school_type, city, school_mail, address, telephone, Headmaster_first_name, Headmaster_last_name) VALUES (7, 2, 'Highschool of', 'East Zola', 'vkautzer@example.net', '67937 Ratke Plains Yundtfurt, WI 22344', '540-927-5810', 'Estrella', 'Halvorson');
INSERT INTO lab.School_unit (school_id, school_number, school_type, city, school_mail, address, telephone, Headmaster_first_name, Headmaster_last_name) VALUES (8, 5, 'Junior Highschool of', 'Aufderharville', 'ashley.torphy@example.org', '94730 Macejkovic Station Suite 706 Lake Chaya, NC 55466', '832-796-7497x336', 'Geovanny', 'Connelly');
INSERT INTO lab.School_unit (school_id, school_number, school_type, city, school_mail, address, telephone, Headmaster_first_name, Headmaster_last_name) VALUES (9, 5, 'Junior Highschool of', 'East Augustus', 'lane34@example.com', '134 Rachel Lodge Suite 891 Shanahanport, MN 54800-3105', '07083381185', 'Tremaine', 'Huel');
INSERT INTO lab.School_unit (school_id, school_number, school_type, city, school_mail, address, telephone, Headmaster_first_name, Headmaster_last_name) VALUES (10, 0, 'Highschool of', 'Port Craigland', 'deckow.edison@example.net', '8099 Koch Union Jordaneland, OK 30249', '465-425-6860x2291', 'Dock', 'Bergnaum');
INSERT INTO lab.School_unit (school_id, school_number, school_type, city, school_mail, address, telephone, Headmaster_first_name, Headmaster_last_name) VALUES (11, 3, 'Junior Highschool of', 'South Xander', 'akertzmann@example.com', '389 Stoltenberg Prairie South Marietta, NV 67008-2795', '(138)604-0990', 'Kaitlin', 'Conroy');
INSERT INTO lab.School_unit (school_id, school_number, school_type, city, school_mail, address, telephone, Headmaster_first_name, Headmaster_last_name) VALUES (12, 0, 'Highschool of', 'Rashawnfurt', 'jorge77@example.org', '1084 Erdman Walk Suite 846 East Geofort, ID 45226', '003.520.2743x5491', 'Llewellyn', 'Maggio');
INSERT INTO lab.School_unit (school_id, school_number, school_type, city, school_mail, address, telephone, Headmaster_first_name, Headmaster_last_name) VALUES (13, 2, 'Highschool of', 'Gaylordmouth', 'gpurdy@example.com', '2720 Feeney Place Suite 113 Daisyburgh, PA 63269', '04970443779', 'Ramona', 'Paucek');
INSERT INTO lab.School_unit (school_id, school_number, school_type, city, school_mail, address, telephone, Headmaster_first_name, Headmaster_last_name) VALUES (14, 1, 'Junior Highschool of', 'Runolfsdottirside', 'vjacobs@example.org', '603 Jamie Extension Suite 431 West Lorenzashire, DC 13732-5150', '327.169.5201x669', 'Meagan', 'Keeling');
INSERT INTO lab.School_unit (school_id, school_number, school_type, city, school_mail, address, telephone, Headmaster_first_name, Headmaster_last_name) VALUES (15, 4, 'Highschool of', 'Haroldville', 'torp.thea@example.com', '1938 Rosalinda Ways Suite 649 Damionshire, AR 92786-5006', '+56(4)5101925173', 'Everett', 'Wiza');
INSERT INTO lab.School_unit (school_id, school_number, school_type, city, school_mail, address, telephone, Headmaster_first_name, Headmaster_last_name) VALUES (16, 4, 'Junior Highschool of', 'Roryland', 'chadd18@example.net', '79078 Kovacek Rapids Suite 530 New Golden, NY 37200', '03701208569', 'Donny', 'Funk');
INSERT INTO lab.School_unit (school_id, school_number, school_type, city, school_mail, address, telephone, Headmaster_first_name, Headmaster_last_name) VALUES (17, 5, 'Junior Highschool of', 'West Linnea', 'bernadette.konopelski@example.org', '0428 Colt Villages Apt. 558 Lucioborough, OK 15247-4343', '02160801582', 'Cordell', 'Toy');
INSERT INTO lab.School_unit (school_id, school_number, school_type, city, school_mail, address, telephone, Headmaster_first_name, Headmaster_last_name) VALUES (18, 1, 'Highschool of', 'Gibsonview', 'megane54@example.net', '0618 Kuhlman Station Suite 017 Rodshire, IL 41026-2002', '995.628.9381', 'Kasandra', 'Mosciski');
INSERT INTO lab.School_unit (school_id, school_number, school_type, city, school_mail, address, telephone, Headmaster_first_name, Headmaster_last_name) VALUES (19, 1, 'Junior Highschool of', 'Raynorshire', 'heber32@example.com', '64197 Kiehn Pines Apt. 166 New Pansystad, OK 82573-3784', '+99(4)3206682413', 'Lewis', 'Murray');
INSERT INTO lab.School_unit (school_id, school_number, school_type, city, school_mail, address, telephone, Headmaster_first_name, Headmaster_last_name) VALUES (20, 2, 'Junior Highschool of', 'Jaydaton', 'brown.ettie@example.net', '42213 Adela Burg Apt. 794 Shainaville, VT 48079-3653', '686.393.1436x42029', 'Lafayette', 'Murazik');
INSERT INTO lab.School_unit (school_id, school_number, school_type, city, school_mail, address, telephone, Headmaster_first_name, Headmaster_last_name) VALUES (21, 0, 'Highschool of', 'Freedabury', 'gorczany.erwin@example.org', '303 Eunice Square Ritchiechester, WV 49155', '05545400516', 'Novella', 'Connelly');
INSERT INTO lab.School_unit (school_id, school_number, school_type, city, school_mail, address, telephone, Headmaster_first_name, Headmaster_last_name) VALUES (22, 4, 'Elementary of', 'Karenstad', 'kenton.huels@example.org', '4158 Janick Forest West Quintenmouth, IL 07978', '1-826-258-7974x28650', 'Mertie', 'Moore');
INSERT INTO lab.School_unit (school_id, school_number, school_type, city, school_mail, address, telephone, Headmaster_first_name, Headmaster_last_name) VALUES (23, 1, 'Junior Highschool of', 'Port Demond', 'ehessel@example.com', '228 Jimmie Parks West Ken, SD 59889', '1-019-167-0779', 'Iliana', 'Abbott');
INSERT INTO lab.School_unit (school_id, school_number, school_type, city, school_mail, address, telephone, Headmaster_first_name, Headmaster_last_name) VALUES (24, 2, 'Junior Highschool of', 'Janyport', 'ernestina.bernhard@example.com', '5056 Turner Island Suite 597 Prohaskabury, NJ 60020', '05305399397', 'Garrick', 'Kunze');
INSERT INTO lab.School_unit (school_id, school_number, school_type, city, school_mail, address, telephone, Headmaster_first_name, Headmaster_last_name) VALUES (25, 1, 'Highschool of', 'Citlallifurt', 'walter.joseph@example.org', '4729 Josiah Dale Apt. 843 Lake Selmer, NM 32143', '1-166-335-3029x10771', 'Arely', 'Schinner');
INSERT INTO lab.School_unit (school_id, school_number, school_type, city, school_mail, address, telephone, Headmaster_first_name, Headmaster_last_name) VALUES (26, 1, 'Junior Highschool of', 'New Doris', 'clarabelle27@example.net', '43340 Esmeralda Key Suite 523 New Ardith, GA 70075-3561', '1-999-090-0015', 'Beaulah', 'Swift');
INSERT INTO lab.School_unit (school_id, school_number, school_type, city, school_mail, address, telephone, Headmaster_first_name, Headmaster_last_name) VALUES (27, 0, 'Junior Highschool of', 'Kentonmouth', 'tswaniawski@example.org', '265 Jalyn Crossroad Leonside, MO 70822', '343.743.1438x71982', 'Jessie', 'Balistreri');
INSERT INTO lab.School_unit (school_id, school_number, school_type, city, school_mail, address, telephone, Headmaster_first_name, Headmaster_last_name) VALUES (28, 4, 'Highschool of', 'East Troy', 'aron.kutch@example.org', '90532 Loy Trafficway Apt. 999 North Roscoe, KS 19575-0333', '594.009.5537', 'Deja', 'Cummerata');
INSERT INTO lab.School_unit (school_id, school_number, school_type, city, school_mail, address, telephone, Headmaster_first_name, Headmaster_last_name) VALUES (29, 0, 'Highschool of', 'North Zelda', 'bartholome.kuhic@example.org', '41802 Ortiz Field Carletonfurt, DE 43868', '499.158.7080x55913', 'Wilhelm', 'Armstrong');
INSERT INTO lab.School_unit (school_id, school_number, school_type, city, school_mail, address, telephone, Headmaster_first_name, Headmaster_last_name) VALUES (30, 1, 'Junior Highschool of', 'East Leonel', 'sdubuque@example.com', '473 Wilderman Hollow Herzogtown, SD 23029', '1-230-324-0030x16130', 'Antonio', 'Fritsch');

-- Book insert
INSERT INTO lab.Book (ISBN, Title, image, publisher, page, summary, language_id) VALUES (10609160, 'Iusto enim dolorem.', 'https://loremflickr.com/600/400/', 'Kunze, Parker and Lind', 248, 'Consectetur eius ducimus quod. Soluta sit illo eligendi explicabo amet est dolorem. Officiis sunt cum tempore nemo illum incidunt laborum. Nihil aut aut saepe aliquid non.', 2);
INSERT INTO lab.Book (ISBN, Title, image, publisher, page, summary, language_id) VALUES (10670240, 'Nisi nostrum incidunt officia.', 'https://loremflickr.com/600/400/', 'Senger and Sons', 487, 'Eos facilis dicta quaerat sequi. Voluptatem et quia saepe cupiditate ea doloribus. Unde voluptate quo est perferendis laborum.', 3);
INSERT INTO lab.Book (ISBN, Title, image, publisher, page, summary, language_id) VALUES (11154518, 'Incidunt soluta modi qui.', 'https://loremflickr.com/600/400/', 'Gorczany Ltd', 428, 'Nihil dolorem non error at debitis. Facere reiciendis consequatur in non et saepe velit. Velit consequuntur earum error voluptatem cum et.', 2);
INSERT INTO lab.Book (ISBN, Title, image, publisher, page, summary, language_id) VALUES (12773130, 'Quia voluptatem similique ipsam.', 'https://loremflickr.com/600/400/', 'Schiller-Treutel', 450, 'Quam saepe repellendus quos voluptatem. Maiores perferendis occaecati ipsum ratione aliquam. Tempore ea eum est. Quis omnis numquam ut earum.', 2);
INSERT INTO lab.Book (ISBN, Title, image, publisher, page, summary, language_id) VALUES (14314093, 'Eius sequi dolores occaecati.', 'https://loremflickr.com/600/400/', 'Kreiger, Romaguera and Dicki', 410, 'Quam sit voluptas dignissimos facilis et. A molestiae aut et laborum repellat sit aut. Voluptatum et corrupti iusto aspernatur. Commodi nam optio et necessitatibus. Cupiditate quae eum provident ipsam.', 3);
INSERT INTO lab.Book (ISBN, Title, image, publisher, page, summary, language_id) VALUES (14386348, 'Libero aut qui voluptatem.', 'https://loremflickr.com/600/400/', 'Metz Ltd', 92, 'Labore dolore qui at sequi odio animi illum. Corrupti nisi praesentium animi quam iste similique. Occaecati est aspernatur dolores sequi vero voluptas rem. Consectetur doloribus repudiandae maxime aspernatur error.', 3);
INSERT INTO lab.Book (ISBN, Title, image, publisher, page, summary, language_id) VALUES (15380986, 'Alias nisi.', 'https://loremflickr.com/600/400/', 'Stark-Kertzmann', 219, 'Consectetur eveniet in fugit. Velit officiis minus molestias ea occaecati. Ipsum ipsum occaecati incidunt ipsam vitae quis.', 4);
INSERT INTO lab.Book (ISBN, Title, image, publisher, page, summary, language_id) VALUES (17797222, 'Enim perspiciatis culpa.', 'https://loremflickr.com/600/400/', 'Erdman PLC', 77, 'Ea velit quisquam sapiente aspernatur. Nisi dolor quaerat dolor est perferendis. Quae et aut qui sunt. Velit soluta sint quia doloribus id cum non rerum.', 2);
INSERT INTO lab.Book (ISBN, Title, image, publisher, page, summary, language_id) VALUES (18029658, 'Est fugiat est ea.', 'https://loremflickr.com/600/400/', 'Wilkinson-Pollich', 21, 'Quos qui qui nobis deserunt atque nihil. Eum error recusandae quibusdam. Numquam eum pariatur voluptas laborum molestiae eos doloribus. Quasi sint sunt autem rerum quas.', 2);
INSERT INTO lab.Book (ISBN, Title, image, publisher, page, summary, language_id) VALUES (20022895, 'Non aut iusto qui.', 'https://loremflickr.com/600/400/', 'Kohler LLC', 231, 'Consequatur nobis architecto reiciendis quos nihil eum. Impedit rerum a labore molestiae repellat distinctio. Quam eius vero eius explicabo soluta et aut.', 6);
INSERT INTO lab.Book (ISBN, Title, image, publisher, page, summary, language_id) VALUES (20427091, 'Debitis quaerat vero iusto.', 'https://loremflickr.com/600/400/', 'McKenzie, Ernser and Stiedemann', 177, 'Recusandae voluptas voluptate eum commodi cumque corrupti. Soluta nobis aut nam id omnis autem quod voluptates. Accusamus excepturi eligendi enim molestias laborum provident.', 4);
INSERT INTO lab.Book (ISBN, Title, image, publisher, page, summary, language_id) VALUES (22846177, 'Modi sapiente sed.', 'https://loremflickr.com/600/400/', 'Tillman LLC', 221, 'Fuga voluptas ut nihil. Qui tenetur laudantium molestiae. Est necessitatibus totam accusamus eum tenetur tenetur corporis.', 3);
INSERT INTO lab.Book (ISBN, Title, image, publisher, page, summary, language_id) VALUES (23569314, 'Temporibus alias debitis.', 'https://loremflickr.com/600/400/', 'Lehner and Sons', 329, 'Libero dolores est id est iure vero molestiae. Ducimus ut ad deleniti est. Consequatur maxime voluptatem molestiae doloribus quia. Quam quas officia laboriosam nihil eaque nobis.', 6);
INSERT INTO lab.Book (ISBN, Title, image, publisher, page, summary, language_id) VALUES (25717312, 'Ut perferendis expedita.', 'https://loremflickr.com/600/400/', 'Herman, Jacobson and Mohr', 322, 'Qui alias tenetur nesciunt similique recusandae voluptates repellat eligendi. Voluptatibus consequatur corporis aut. Autem sapiente harum voluptatem et. Exercitationem voluptas eum quasi velit soluta excepturi eius.', 5);
INSERT INTO lab.Book (ISBN, Title, image, publisher, page, summary, language_id) VALUES (27080722, 'Necessitatibus illum et.', 'https://loremflickr.com/600/400/', 'Collier and Sons', 490, 'Aut nemo cupiditate dolor maiores quod. Reiciendis est reiciendis voluptas fugit est. Soluta explicabo dolorem minus voluptatem ea impedit. Minima eius qui necessitatibus qui quia consequatur quae.', 5);
INSERT INTO lab.Book (ISBN, Title, image, publisher, page, summary, language_id) VALUES (27481397, 'Pariatur nesciunt nihil.', 'https://loremflickr.com/600/400/', 'Davis Ltd', 177, 'Et commodi totam incidunt consequatur in. Natus et labore architecto molestias consectetur molestiae earum iste. Quos similique in labore et distinctio. In tempore quia necessitatibus voluptatem.', 4);
INSERT INTO lab.Book (ISBN, Title, image, publisher, page, summary, language_id) VALUES (27865828, 'In esse commodi.', 'https://loremflickr.com/600/400/', 'Schneider Ltd', 161, 'Quia nam sit perferendis officia. Non et et ipsum sed molestiae eum et possimus. Quidem nam sed doloribus a ducimus itaque commodi.', 2);
INSERT INTO lab.Book (ISBN, Title, image, publisher, page, summary, language_id) VALUES (29066324, 'Eaque aspernatur nostrum dolorum.', 'https://loremflickr.com/600/400/', 'Blanda Group', 191, 'Veritatis ut eligendi pariatur perspiciatis veritatis esse laudantium. Temporibus et sequi fugit. Et veritatis fugit nulla dolor. Quibusdam libero aut illo aperiam cum autem quis.', 5);
INSERT INTO lab.Book (ISBN, Title, image, publisher, page, summary, language_id) VALUES (29259973, 'In architecto repudiandae.', 'https://loremflickr.com/600/400/', 'Casper, Lubowitz and Waelchi', 111, 'Labore quibusdam tempore maiores quia perspiciatis perspiciatis quod. Enim quia sed sit. Error sint et esse omnis voluptates accusamus. Incidunt sapiente explicabo hic aut qui qui.', 6);
INSERT INTO lab.Book (ISBN, Title, image, publisher, page, summary, language_id) VALUES (32658924, 'Eligendi cumque alias labore.', 'https://loremflickr.com/600/400/', 'Smith, Wilkinson and Dooley', 313, 'Rerum distinctio maxime quas voluptatem omnis vel vero. Voluptatum provident repellat et. Et accusamus earum quasi hic sed. Voluptatem et ad omnis rerum consectetur voluptatem est.', 6);
INSERT INTO lab.Book (ISBN, Title, image, publisher, page, summary, language_id) VALUES (33318576, 'Tempore saepe aut praesentium.', 'https://loremflickr.com/600/400/', 'Wehner, Armstrong and Kilback', 238, 'Optio possimus assumenda eum non ut maiores. Distinctio ex et est modi. Similique dolores ut laboriosam accusamus ipsam maiores et.', 1);
INSERT INTO lab.Book (ISBN, Title, image, publisher, page, summary, language_id) VALUES (35076575, 'Repudiandae et sapiente.', 'https://loremflickr.com/600/400/', 'Pfeffer-Jacobi', 75, 'Commodi omnis quasi earum sunt sit. Aliquid fugit veritatis culpa aspernatur illum. Nam natus animi laudantium itaque consequuntur aut placeat eos.', 6);
INSERT INTO lab.Book (ISBN, Title, image, publisher, page, summary, language_id) VALUES (35523187, 'Tempora vel quidem occaecati.', 'https://loremflickr.com/600/400/', 'Balistreri-Cremin', 475, 'Quia deleniti dolor laboriosam. Eius provident temporibus praesentium nobis illo non illo. Veritatis et laudantium aut eum molestiae at. Cum aut consectetur dolor.', 6);
INSERT INTO lab.Book (ISBN, Title, image, publisher, page, summary, language_id) VALUES (35752214, 'Qui ullam quos.', 'https://loremflickr.com/600/400/', 'Brakus and Sons', 319, 'Cumque est nesciunt ducimus optio. Dolorum repellat tenetur animi et quia. Adipisci est eum sapiente dolorem. Sit ratione dolores harum dignissimos consequatur animi.', 2);
INSERT INTO lab.Book (ISBN, Title, image, publisher, page, summary, language_id) VALUES (39650768, 'Amet atque cumque.', 'https://loremflickr.com/600/400/', 'Kling-Lueilwitz', 192, 'Doloribus et tempore error. Atque facere voluptatum adipisci et. Quod laudantium aliquam expedita suscipit magnam.', 3);
INSERT INTO lab.Book (ISBN, Title, image, publisher, page, summary, language_id) VALUES (39962517, 'Deleniti alias omnis repellendus sit.', 'https://loremflickr.com/600/400/', 'Kuhic LLC', 123, 'Et fugiat eum laudantium ea molestias est aut. Quia et est autem. Explicabo placeat hic non omnis incidunt itaque qui placeat. Rerum est qui non vel quasi rem.', 3);
INSERT INTO lab.Book (ISBN, Title, image, publisher, page, summary, language_id) VALUES (41290025, 'Qui quidem est.', 'https://loremflickr.com/600/400/', 'McDermott, Konopelski and Yost', 192, 'Omnis id aspernatur voluptates exercitationem ut occaecati. Nulla dolorum eius eveniet occaecati modi. Voluptatibus nulla culpa aperiam placeat similique veniam.', 2);
INSERT INTO lab.Book (ISBN, Title, image, publisher, page, summary, language_id) VALUES (42140678, 'Cum ut dolores tenetur.', 'https://loremflickr.com/600/400/', 'Leannon and Sons', 234, 'Et sit eligendi est quasi dolorem. Iure et sequi excepturi vitae. Est voluptatem molestias dolores ab.', 6);
INSERT INTO lab.Book (ISBN, Title, image, publisher, page, summary, language_id) VALUES (42383794, 'Velit et quam voluptatum.', 'https://loremflickr.com/600/400/', 'McClure, Kerluke and Predovic', 322, 'Voluptates illum fuga et dolores dolores ut sit. Illo repellat assumenda enim. Possimus dolorem aliquid ut ut.', 2);
INSERT INTO lab.Book (ISBN, Title, image, publisher, page, summary, language_id) VALUES (43763011, 'Et qui nemo eligendi.', 'https://loremflickr.com/600/400/', 'Dibbert-Adams', 319, 'Aut nulla ea aliquid quis minus facere harum sed. Placeat id officia occaecati laborum nihil. A voluptatem alias ipsum quod. Nihil necessitatibus amet amet pariatur velit. Fuga pariatur minus quam corrupti vel.', 5);
INSERT INTO lab.Book (ISBN, Title, image, publisher, page, summary, language_id) VALUES (44286719, 'Ad ipsum a.', 'https://loremflickr.com/600/400/', 'Douglas, Baumbach and Stark', 349, 'Non enim inventore itaque voluptatem commodi quaerat. Impedit quae ipsum sint sed ut. Excepturi distinctio sit inventore laborum voluptas voluptas doloribus. Dignissimos et quam odio iste aut. Rerum at et reprehenderit error reiciendis aut sunt.', 5);
INSERT INTO lab.Book (ISBN, Title, image, publisher, page, summary, language_id) VALUES (44851034, 'Magni fugit sunt.', 'https://loremflickr.com/600/400/', 'Walter-Gaylord', 37, 'Aut exercitationem mollitia voluptates tenetur corporis. Sint saepe quidem qui labore. Ut et voluptatem quibusdam maxime ea iste maiores. Iste praesentium repellendus voluptatem commodi in culpa.', 4);
INSERT INTO lab.Book (ISBN, Title, image, publisher, page, summary, language_id) VALUES (44997929, 'Est esse culpa repellendus.', 'https://loremflickr.com/600/400/', 'Towne, Bechtelar and Brakus', 182, 'Aliquam similique ducimus nesciunt aliquid. Architecto est nesciunt non. Dolorum facere modi minima libero error voluptatem officiis.', 4);
INSERT INTO lab.Book (ISBN, Title, image, publisher, page, summary, language_id) VALUES (45770931, 'Aut quasi possimus eos perferendis.', 'https://loremflickr.com/600/400/', 'Herman-Kozey', 218, 'Officiis eligendi repellendus voluptatem. Numquam eaque quia a qui nostrum molestiae. Excepturi enim consectetur consequatur dolorem architecto. Eos pariatur est velit consequatur voluptatum expedita. Eius et et est rerum recusandae sunt et.', 6);
INSERT INTO lab.Book (ISBN, Title, image, publisher, page, summary, language_id) VALUES (45809052, 'Praesentium dolor repudiandae.', 'https://loremflickr.com/600/400/', 'Rodriguez, Bashirian and Hammes', 418, 'Quia quas reiciendis quibusdam odit debitis. Tempora dolores et ab neque aut amet odio. Eos nemo dolores voluptatum omnis incidunt et non eos.', 5);
INSERT INTO lab.Book (ISBN, Title, image, publisher, page, summary, language_id) VALUES (47105713, 'Quos sit odit.', 'https://loremflickr.com/600/400/', 'Corwin-Grant', 362, 'Atque doloribus est sapiente vel aut sapiente. Beatae quis magni blanditiis laborum molestias voluptatem non. Porro dicta facere ea eum qui voluptas.', 6);
INSERT INTO lab.Book (ISBN, Title, image, publisher, page, summary, language_id) VALUES (48839972, 'Vel qui minus.', 'https://loremflickr.com/600/400/', 'Sawayn-Mitchell', 158, 'Omnis cumque repudiandae impedit tempora. Perferendis vel est voluptas doloribus earum. Reiciendis et totam earum veniam et.', 6);
INSERT INTO lab.Book (ISBN, Title, image, publisher, page, summary, language_id) VALUES (49205457, 'Rerum qui dolorem.', 'https://loremflickr.com/600/400/', 'Boyle, Koss and Cummerata', 465, 'Unde perferendis quibusdam odio magnam ut ipsam. Officiis maxime dicta qui ut. Similique quidem doloremque pariatur ea qui. Quisquam eligendi occaecati non repudiandae libero.', 6);
INSERT INTO lab.Book (ISBN, Title, image, publisher, page, summary, language_id) VALUES (50418069, 'Quibusdam ea voluptas at.', 'https://loremflickr.com/600/400/', 'Hudson, Langosh and Wolff', 398, 'Dolore et qui deleniti amet voluptatem ex. Inventore optio harum mollitia quia. Consequatur quibusdam iusto aut quibusdam minus voluptatibus. Qui aut nisi quidem placeat saepe consectetur.', 6);
INSERT INTO lab.Book (ISBN, Title, image, publisher, page, summary, language_id) VALUES (53713240, 'Delectus corporis aliquid.', 'https://loremflickr.com/600/400/', 'Von-Wilkinson', 477, 'Nesciunt reprehenderit incidunt facere eveniet facere id. Ducimus unde voluptas a accusantium quia. Quia temporibus voluptatem ea.', 4);
INSERT INTO lab.Book (ISBN, Title, image, publisher, page, summary, language_id) VALUES (53722255, 'Excepturi quisquam minus.', 'https://loremflickr.com/600/400/', 'Wiegand LLC', 96, 'Consequatur sed mollitia possimus nulla tenetur ut. Delectus ut nemo assumenda corrupti in. Veritatis aperiam tempora sint esse eos id. Ut ipsam at sed.', 2);
INSERT INTO lab.Book (ISBN, Title, image, publisher, page, summary, language_id) VALUES (54199440, 'Aut tempore facere suscipit.', 'https://loremflickr.com/600/400/', 'Satterfield, Sauer and Swift', 187, 'Aliquam deleniti at dolorem ipsa est magnam nobis. Laboriosam qui iste consequatur reprehenderit. Est illo aut repudiandae maxime aut. Laboriosam accusantium tempore et architecto sequi voluptates dolorem.', 2);
INSERT INTO lab.Book (ISBN, Title, image, publisher, page, summary, language_id) VALUES (54722406, 'Tempora vel sunt.', 'https://loremflickr.com/600/400/', 'Friesen-Larkin', 102, 'Cum consequuntur praesentium architecto odit nostrum. Sapiente incidunt quisquam possimus provident beatae et sunt. Et sapiente suscipit natus.', 4);
INSERT INTO lab.Book (ISBN, Title, image, publisher, page, summary, language_id) VALUES (54727374, 'Ipsa eos eligendi aliquam omnis.', 'https://loremflickr.com/600/400/', 'Ward-Mosciski', 178, 'Alias omnis odio culpa quo. Tempore quia eos in consequuntur. Aut error cum et suscipit ipsum quia. Vero beatae ipsam aut esse. Eaque sunt eveniet deserunt nisi.', 1);
INSERT INTO lab.Book (ISBN, Title, image, publisher, page, summary, language_id) VALUES (55331701, 'Illum hic aut ad.', 'https://loremflickr.com/600/400/', 'Bashirian-Dach', 358, 'Harum praesentium deleniti nihil numquam sapiente omnis quas. Sed maxime error molestias veritatis. Velit numquam suscipit corrupti id delectus occaecati.', 3);
INSERT INTO lab.Book (ISBN, Title, image, publisher, page, summary, language_id) VALUES (55733927, 'Dolorum sint ipsa dolorem.', 'https://loremflickr.com/600/400/', 'Muller-Oberbrunner', 20, 'In veniam ullam ut est omnis incidunt. Quod dolorum doloribus ad sunt aut sunt adipisci et. Fugiat cum culpa vitae voluptatibus et et non.', 5);
INSERT INTO lab.Book (ISBN, Title, image, publisher, page, summary, language_id) VALUES (55735731, 'Voluptatem et veniam.', 'https://loremflickr.com/600/400/', 'Pollich-Parker', 420, 'Voluptas magnam ut maiores nihil. Rerum minima aut non eos optio. Ipsum ducimus modi et minus.', 4);
INSERT INTO lab.Book (ISBN, Title, image, publisher, page, summary, language_id) VALUES (57005603, 'Beatae nulla sapiente.', 'https://loremflickr.com/600/400/', 'Hills-Goldner', 205, 'Harum vero suscipit voluptatem dolore ab. Velit vitae voluptate quos assumenda optio eos.', 6);
INSERT INTO lab.Book (ISBN, Title, image, publisher, page, summary, language_id) VALUES (57345550, 'Fugiat reiciendis sapiente vitae.', 'https://loremflickr.com/600/400/', 'Weissnat Inc', 483, 'Nemo est tempora deleniti quibusdam qui vel doloremque. Voluptas ab non saepe harum quia. Beatae cum tempore nihil assumenda delectus ea. Quae molestiae modi aut illum.', 5);
INSERT INTO lab.Book (ISBN, Title, image, publisher, page, summary, language_id) VALUES (58661524, 'Totam quam cumque qui.', 'https://loremflickr.com/600/400/', 'Moen-West', 68, 'Delectus voluptatem aliquid nihil ad dolorem ut. Tenetur est voluptas voluptatem impedit exercitationem dolor.', 4);
INSERT INTO lab.Book (ISBN, Title, image, publisher, page, summary, language_id) VALUES (59332874, 'Quo fugit cupiditate.', 'https://loremflickr.com/600/400/', 'Donnelly, Jenkins and Feest', 217, 'Non eum qui nulla non. Dolor qui quia omnis atque et qui. Eum distinctio et voluptas quis doloremque quasi ducimus sit. Id modi possimus corrupti inventore aut consequuntur itaque illo.', 4);
INSERT INTO lab.Book (ISBN, Title, image, publisher, page, summary, language_id) VALUES (59742774, 'Animi eaque at.', 'https://loremflickr.com/600/400/', 'Deckow, Harvey and Beier', 430, 'Voluptas id numquam deserunt blanditiis. Ad nihil quasi ut aut temporibus. Et asperiores et enim in dolor. Modi quidem tempore illum accusamus asperiores illo iusto eum.', 5);
INSERT INTO lab.Book (ISBN, Title, image, publisher, page, summary, language_id) VALUES (61668278, 'Debitis sunt occaecati aperiam.', 'https://loremflickr.com/600/400/', 'Welch Group', 350, 'Enim ut minus reprehenderit consequatur. Et sed odit perferendis optio unde.', 3);
INSERT INTO lab.Book (ISBN, Title, image, publisher, page, summary, language_id) VALUES (62809304, 'Distinctio quisquam.', 'https://loremflickr.com/600/400/', 'Powlowski-Hagenes', 252, 'Vel ad aut sit quas ut rerum deleniti. Et impedit velit maxime labore quod et sint. Sit voluptas odit ut voluptas sit nostrum aut quia.', 4);
INSERT INTO lab.Book (ISBN, Title, image, publisher, page, summary, language_id) VALUES (63221143, 'Sit optio enim assumenda ullam.', 'https://loremflickr.com/600/400/', 'Barrows-Schroeder', 217, 'Explicabo aspernatur inventore enim in. Quidem maxime ex praesentium. Quas id consequatur sit et animi atque. Vero aut impedit ad dolorem fugit consectetur excepturi odit.', 5);
INSERT INTO lab.Book (ISBN, Title, image, publisher, page, summary, language_id) VALUES (65315109, 'Optio aperiam doloribus nihil.', 'https://loremflickr.com/600/400/', 'Tromp-O\'Hara', 288, 'Similique odit animi mollitia distinctio. Et ullam laboriosam consectetur sapiente iusto. Quas tempore tenetur odio rerum est.', 6);
INSERT INTO lab.Book (ISBN, Title, image, publisher, page, summary, language_id) VALUES (65763843, 'Aut dicta porro.', 'https://loremflickr.com/600/400/', 'McCullough-Kuhic', 395, 'Eveniet laborum consequatur nesciunt iste. Ut vel adipisci vel corrupti quia quasi ea. Iusto quam ut cumque veniam quis. Repellendus minima iure officiis saepe natus voluptas quos.', 3);
INSERT INTO lab.Book (ISBN, Title, image, publisher, page, summary, language_id) VALUES (66232725, 'Veniam ut.', 'https://loremflickr.com/600/400/', 'Waelchi-Christiansen', 107, 'Dolorem enim et rem quo eum unde fuga vitae. Voluptas eum porro explicabo dolorum. Est eius praesentium quo qui perferendis. Quasi velit repellat dicta quia et voluptas.', 3);
INSERT INTO lab.Book (ISBN, Title, image, publisher, page, summary, language_id) VALUES (67624957, 'Eos sed cumque rerum.', 'https://loremflickr.com/600/400/', 'Hermiston, King and Lueilwitz', 489, 'Voluptatum libero provident reprehenderit dolorem. Debitis consequatur quia qui impedit. Debitis et non id minima quis eligendi.', 4);
INSERT INTO lab.Book (ISBN, Title, image, publisher, page, summary, language_id) VALUES (68853865, 'Velit veritatis hic.', 'https://loremflickr.com/600/400/', 'Schowalter, Hudson and Sporer', 492, 'Ratione recusandae ut placeat sint et sit. A quam amet ab perspiciatis quae quos. Aperiam doloremque iste consequatur eum.', 1);
INSERT INTO lab.Book (ISBN, Title, image, publisher, page, summary, language_id) VALUES (69606471, 'Incidunt excepturi officia.', 'https://loremflickr.com/600/400/', 'Romaguera-Berge', 349, 'Est laboriosam harum dolorem qui praesentium ut quibusdam. Sit quos aut consectetur error quisquam. Aliquam accusamus et nam ullam. Praesentium et nisi quis ex qui laborum et vero.', 2);
INSERT INTO lab.Book (ISBN, Title, image, publisher, page, summary, language_id) VALUES (69835876, 'Cum sit sit.', 'https://loremflickr.com/600/400/', 'Sipes, Hudson and Kuphal', 294, 'Omnis illum natus ex rem. Voluptatem non facere earum sint.', 6);
INSERT INTO lab.Book (ISBN, Title, image, publisher, page, summary, language_id) VALUES (70534212, 'Aperiam quis ratione id.', 'https://loremflickr.com/600/400/', 'Stracke-Spinka', 158, 'Eveniet officia unde a rerum dolorum dignissimos. Temporibus ratione est voluptatum. Quo dolorum rerum accusantium consequatur quae.', 2);
INSERT INTO lab.Book (ISBN, Title, image, publisher, page, summary, language_id) VALUES (70772918, 'Adipisci deserunt ipsum similique.', 'https://loremflickr.com/600/400/', 'VonRueden, Wunsch and Torp', 478, 'Esse similique repellat fugiat beatae nemo error. Hic eligendi fuga totam et nostrum. Rerum ipsa dicta eaque ut iure sapiente.', 2);
INSERT INTO lab.Book (ISBN, Title, image, publisher, page, summary, language_id) VALUES (70936710, 'In qui voluptatem numquam.', 'https://loremflickr.com/600/400/', 'Rippin Group', 430, 'Ipsam praesentium fugit temporibus excepturi voluptatem corrupti. Saepe saepe officiis labore ipsam eius est. Qui nesciunt non velit quisquam.', 5);
INSERT INTO lab.Book (ISBN, Title, image, publisher, page, summary, language_id) VALUES (73309612, 'Optio quam qui.', 'https://loremflickr.com/600/400/', 'Doyle, Homenick and Walsh', 466, 'Commodi soluta cupiditate nobis laborum voluptates officia. Nam ipsum perferendis omnis aliquam maxime atque pariatur. Id beatae et quas eveniet numquam tempore enim.', 5);
INSERT INTO lab.Book (ISBN, Title, image, publisher, page, summary, language_id) VALUES (74033657, 'Necessitatibus natus aliquam ut.', 'https://loremflickr.com/600/400/', 'Waters-Predovic', 251, 'Sit facilis quasi veritatis unde. Soluta quia nam voluptatibus. Cumque qui ea quam aliquam sint error dolores.', 4);
INSERT INTO lab.Book (ISBN, Title, image, publisher, page, summary, language_id) VALUES (74092192, 'Sunt omnis sunt.', 'https://loremflickr.com/600/400/', 'Turcotte Ltd', 143, 'Unde et possimus repudiandae nulla. Itaque aut reiciendis debitis sed. Voluptate recusandae ut eum.', 1);
INSERT INTO lab.Book (ISBN, Title, image, publisher, page, summary, language_id) VALUES (74713904, 'Tempora commodi natus.', 'https://loremflickr.com/600/400/', 'McClure-Hoppe', 86, 'Rerum quam est ad sed aut voluptates. Iure nostrum occaecati quia accusamus odit numquam voluptatum. Qui distinctio magnam hic dolorem.', 4);
INSERT INTO lab.Book (ISBN, Title, image, publisher, page, summary, language_id) VALUES (75784619, 'Necessitatibus voluptatem sint.', 'https://loremflickr.com/600/400/', 'Quitzon, O\'Hara and Wilderman', 254, 'Magni at quibusdam provident. Molestiae ab a enim ratione iusto magni temporibus. Sit voluptas illum laboriosam ea nisi cumque.', 5);
INSERT INTO lab.Book (ISBN, Title, image, publisher, page, summary, language_id) VALUES (78514410, 'Dolor sunt quia.', 'https://loremflickr.com/600/400/', 'Feeney, Kreiger and Stanton', 288, 'Atque eaque quod consectetur at. Et sit odio laborum voluptates ut. Perspiciatis magnam porro minima velit et atque occaecati. Repudiandae alias voluptates exercitationem.', 2);
INSERT INTO lab.Book (ISBN, Title, image, publisher, page, summary, language_id) VALUES (79180884, 'Sunt sunt laborum.', 'https://loremflickr.com/600/400/', 'Walter-Veum', 132, 'Veniam rem omnis eos. Veritatis aspernatur accusamus et vel et beatae. Cupiditate hic in eos voluptatem ut pariatur amet. Ad libero animi eos nostrum ea nesciunt.', 1);
INSERT INTO lab.Book (ISBN, Title, image, publisher, page, summary, language_id) VALUES (79461685, 'Amet dolor similique quia.', 'https://loremflickr.com/600/400/', 'Gutmann, Mertz and Lehner', 264, 'Ipsum aspernatur ullam ut explicabo deleniti quasi molestiae. Maxime similique vero est unde. Veritatis ut omnis voluptas veniam quis. Voluptatem expedita eaque qui.', 5);
INSERT INTO lab.Book (ISBN, Title, image, publisher, page, summary, language_id) VALUES (79535586, 'Sequi illum et tenetur sint.', 'https://loremflickr.com/600/400/', 'Reynolds-Frami', 13, 'Totam consequuntur saepe non modi officiis. Hic at ipsam rerum voluptatem odio.', 3);
INSERT INTO lab.Book (ISBN, Title, image, publisher, page, summary, language_id) VALUES (80559688, 'Suscipit aut ut dolor.', 'https://loremflickr.com/600/400/', 'Mills-Wisozk', 479, 'Harum ea officia et libero fuga dolores aut. Esse explicabo voluptatem voluptate vero excepturi dolore nisi. Ab voluptatibus omnis repellendus ea sed.', 1);
INSERT INTO lab.Book (ISBN, Title, image, publisher, page, summary, language_id) VALUES (83081860, 'Laudantium velit doloremque.', 'https://loremflickr.com/600/400/', 'Gottlieb-Turner', 474, 'Voluptas pariatur rerum at. Officiis molestiae illo et est. Iste et id atque nihil. Accusantium harum velit esse vel.', 3);
INSERT INTO lab.Book (ISBN, Title, image, publisher, page, summary, language_id) VALUES (84103691, 'Tempore quibusdam sapiente numquam.', 'https://loremflickr.com/600/400/', 'Terry-Greenfelder', 282, 'Sint consequatur eum qui est. Itaque temporibus asperiores est quod et fugit est.', 1);
INSERT INTO lab.Book (ISBN, Title, image, publisher, page, summary, language_id) VALUES (85236428, 'Et sint vel.', 'https://loremflickr.com/600/400/', 'Bergnaum Group', 348, 'Sunt blanditiis voluptates necessitatibus quaerat tenetur. Velit id itaque non debitis vel corrupti repudiandae minus. Ut vero qui amet. Quos eos fugit natus officiis.', 5);
INSERT INTO lab.Book (ISBN, Title, image, publisher, page, summary, language_id) VALUES (85961118, 'Harum consequuntur reiciendis nam optio.', 'https://loremflickr.com/600/400/', 'Murphy, Lind and Hamill', 410, 'Adipisci nobis unde nihil omnis deleniti ad. Est blanditiis quo sunt inventore corporis et iure. Eius vel fugiat distinctio facilis. Rerum odio distinctio vel error.', 3);
INSERT INTO lab.Book (ISBN, Title, image, publisher, page, summary, language_id) VALUES (87062960, 'Corrupti facere autem numquam.', 'https://loremflickr.com/600/400/', 'Schuppe-Sporer', 379, 'Voluptatem aut aliquid quia. Pariatur rerum omnis praesentium reprehenderit est velit nihil. Fugiat cum omnis dolores pariatur quia debitis ratione.', 1);
INSERT INTO lab.Book (ISBN, Title, image, publisher, page, summary, language_id) VALUES (87833244, 'Quaerat dolorem voluptatibus quia.', 'https://loremflickr.com/600/400/', 'Kessler LLC', 182, 'Quo quia dolorem incidunt atque. Corporis quia numquam veniam sit earum repudiandae nobis. Inventore aperiam nobis ut qui. Inventore vel quia quos laudantium ut ea recusandae. Quos nesciunt provident exercitationem sint atque.', 2);
INSERT INTO lab.Book (ISBN, Title, image, publisher, page, summary, language_id) VALUES (88609973, 'Culpa est voluptates.', 'https://loremflickr.com/600/400/', 'Bradtke LLC', 351, 'Cupiditate est rerum quis. Illum fuga velit temporibus velit. Et aliquam a ut eum. Id odio qui minus dolor quibusdam sit itaque pariatur.', 4);
INSERT INTO lab.Book (ISBN, Title, image, publisher, page, summary, language_id) VALUES (89880278, 'Illum repudiandae perferendis quos.', 'https://loremflickr.com/600/400/', 'Monahan-Heller', 179, 'Consequatur vero sequi totam neque laborum dignissimos et. Rerum quod natus nostrum recusandae voluptas ut. Temporibus temporibus ut distinctio iste id in quam. Nostrum veniam fuga et earum similique.', 1);
INSERT INTO lab.Book (ISBN, Title, image, publisher, page, summary, language_id) VALUES (91014191, 'Commodi quae quod.', 'https://loremflickr.com/600/400/', 'Effertz-Olson', 424, 'Voluptas autem sunt ab nostrum magnam magnam. Reprehenderit a tenetur maiores beatae eligendi. Laudantium doloremque facilis iusto nam officia maxime voluptas.', 1);
INSERT INTO lab.Book (ISBN, Title, image, publisher, page, summary, language_id) VALUES (91758759, 'Ut voluptatem consequatur.', 'https://loremflickr.com/600/400/', 'Larson, Bergstrom and Berge', 52, 'Vero non et ullam est. Ipsa pariatur aperiam adipisci dolorem. Animi eius placeat eaque.', 1);
INSERT INTO lab.Book (ISBN, Title, image, publisher, page, summary, language_id) VALUES (92898515, 'Aperiam omnis velit aliquid.', 'https://loremflickr.com/600/400/', 'Satterfield LLC', 467, 'Cupiditate molestiae eligendi corporis repudiandae maiores error ut corrupti. Ut error officia eum enim. Fugit modi fugit qui et quasi ea omnis.', 1);
INSERT INTO lab.Book (ISBN, Title, image, publisher, page, summary, language_id) VALUES (92987181, 'Consequatur alias ratione.', 'https://loremflickr.com/600/400/', 'Lind-Lang', 331, 'Odit et est praesentium perspiciatis nemo. Et iusto sit incidunt dignissimos in facere in. Assumenda quo porro fugiat aut quibusdam iure vitae. Doloremque quibusdam voluptas accusamus enim eveniet quia.', 1);
INSERT INTO lab.Book (ISBN, Title, image, publisher, page, summary, language_id) VALUES (94069430, 'Aut ut non.', 'https://loremflickr.com/600/400/', 'Paucek Inc', 147, 'Velit neque qui vero nesciunt adipisci numquam. Quo ut ratione cupiditate ea. Rem voluptatum non quia dolorem aut aut est.', 4);
INSERT INTO lab.Book (ISBN, Title, image, publisher, page, summary, language_id) VALUES (95322287, 'Mollitia sunt rem itaque.', 'https://loremflickr.com/600/400/', 'King-Trantow', 272, 'Nam aliquid vel tempore velit sed quas ut. Omnis hic voluptatem rem. Omnis quia similique sequi repellendus est ut veritatis voluptatibus. Corrupti veniam dicta nisi.', 3);
INSERT INTO lab.Book (ISBN, Title, image, publisher, page, summary, language_id) VALUES (95489617, 'Harum maiores tempora tempora.', 'https://loremflickr.com/600/400/', 'Ullrich, Koelpin and Ortiz', 203, 'Et occaecati eum eum qui. Culpa quia velit porro voluptatum rerum. Possimus consequuntur est voluptatem aut magni enim.', 3);
INSERT INTO lab.Book (ISBN, Title, image, publisher, page, summary, language_id) VALUES (96579311, 'Perspiciatis magnam pariatur voluptates.', 'https://loremflickr.com/600/400/', 'Gorczany-Funk', 300, 'Doloribus sit facilis aliquid libero. Molestiae necessitatibus deserunt et excepturi et. Ab ipsa deleniti odio officia alias necessitatibus unde vitae.', 1);
INSERT INTO lab.Book (ISBN, Title, image, publisher, page, summary, language_id) VALUES (96973725, 'Et optio maxime.', 'https://loremflickr.com/600/400/', 'Hoeger, Crist and Schultz', 236, 'Eveniet id vero sint quia minima aut mollitia. Ut similique omnis nisi qui ut ipsum dolores. Dolor incidunt ipsam voluptas non eos facilis est. Incidunt recusandae hic eum et saepe commodi sapiente.', 1);
INSERT INTO lab.Book (ISBN, Title, image, publisher, page, summary, language_id) VALUES (97569358, 'Ut id qui placeat soluta.', 'https://loremflickr.com/600/400/', 'Schulist-Kub', 345, 'Voluptatem sit omnis tenetur voluptas perspiciatis exercitationem. Ullam quo et et velit consequatur. Quam quis qui assumenda nemo.', 1);
INSERT INTO lab.Book (ISBN, Title, image, publisher, page, summary, language_id) VALUES (97685902, 'Laboriosam deserunt cumque enim.', 'https://loremflickr.com/600/400/', 'Cummerata PLC', 222, 'Nihil quasi eum qui est vel aliquid quis excepturi. Rerum dolores repellendus repellendus ut veniam maiores a. Voluptatibus esse id incidunt minima et a debitis qui. Facilis sit laudantium molestiae sunt. Nihil beatae ipsum ut vitae.', 6);
INSERT INTO lab.Book (ISBN, Title, image, publisher, page, summary, language_id) VALUES (97905599, 'Dolores quos et.', 'https://loremflickr.com/600/400/', 'Greenfelder-McLaughlin', 198, 'Quis laboriosam quibusdam qui. Minus unde qui voluptatem neque eum sequi nihil. Dolorem harum architecto voluptas rerum qui placeat dolores.', 3);
INSERT INTO lab.Book (ISBN, Title, image, publisher, page, summary, language_id) VALUES (98449477, 'Ex et nihil harum.', 'https://loremflickr.com/600/400/', 'Gerhold-Mueller', 456, 'Et velit ea non harum ut odit. Quo voluptatem adipisci maxime iste ut. Dolorem sint autem ratione fugiat veniam totam amet laborum. Autem modi atque qui excepturi ab totam odio.', 1);
INSERT INTO lab.Book (ISBN, Title, image, publisher, page, summary, language_id) VALUES (98915551, 'Tenetur veritatis necessitatibus ipsa.', 'https://loremflickr.com/600/400/', 'Hudson, Strosin and Powlowski', 273, 'A dolorum sit dolores provident. Placeat qui aut error et. Sed ut qui repellendus eos nesciunt. Voluptatum numquam sint enim voluptas et reiciendis.', 4);
INSERT INTO lab.Book (ISBN, Title, image, publisher, page, summary, language_id) VALUES (99509098, 'Et voluptatem et.', 'https://loremflickr.com/600/400/', 'Harris LLC', 414, 'Ea velit possimus natus dicta quo modi quia. Ipsam harum voluptas reiciendis quos blanditiis sint sunt. Atque dignissimos quisquam et repellendus. Quis ducimus dolorem distinctio quia velit dicta.', 2);
INSERT INTO lab.Book (ISBN, Title, image, publisher, page, summary, language_id) VALUES (99759842, 'Atque vel sed.', 'https://loremflickr.com/600/400/', 'Stroman-Batz', 178, 'Aperiam et occaecati cupiditate dolores quis. Id vel nobis aut voluptates eum dolores. Et ab eveniet pariatur quis enim non autem.', 5);
INSERT INTO lab.Book (ISBN, Title, image, publisher, page, summary, language_id) VALUES (99987009, 'Rerum dolores deleniti.', 'https://loremflickr.com/600/400/', 'Willms-Conn', 412, 'Perferendis aut magni distinctio voluptatem totam eveniet et. Porro animi qui aspernatur quae. Et iusto minima quia. Quo nulla possimus rerum est aut ut voluptas.', 3);

-- book_author insert
INSERT INTO lab.book_author (authors_id, ISBN) VALUES (1, 10609160);
INSERT INTO lab.book_author (authors_id, ISBN) VALUES (2, 10670240);
INSERT INTO lab.book_author (authors_id, ISBN) VALUES (3, 11154518);
INSERT INTO lab.book_author (authors_id, ISBN) VALUES (4, 12773130);
INSERT INTO lab.book_author (authors_id, ISBN) VALUES (5, 14314093);
INSERT INTO lab.book_author (authors_id, ISBN) VALUES (6, 14386348);
INSERT INTO lab.book_author (authors_id, ISBN) VALUES (7, 15380986);
INSERT INTO lab.book_author (authors_id, ISBN) VALUES (8, 17797222);
INSERT INTO lab.book_author (authors_id, ISBN) VALUES (9, 18029658);
INSERT INTO lab.book_author (authors_id, ISBN) VALUES (10, 20022895);
INSERT INTO lab.book_author (authors_id, ISBN) VALUES (11, 20427091);
INSERT INTO lab.book_author (authors_id, ISBN) VALUES (12, 22846177);
INSERT INTO lab.book_author (authors_id, ISBN) VALUES (13, 23569314);
INSERT INTO lab.book_author (authors_id, ISBN) VALUES (14, 25717312);
INSERT INTO lab.book_author (authors_id, ISBN) VALUES (15, 27080722);
INSERT INTO lab.book_author (authors_id, ISBN) VALUES (16, 27481397);
INSERT INTO lab.book_author (authors_id, ISBN) VALUES (17, 27865828);
INSERT INTO lab.book_author (authors_id, ISBN) VALUES (18, 29066324);
INSERT INTO lab.book_author (authors_id, ISBN) VALUES (19, 29259973);
INSERT INTO lab.book_author (authors_id, ISBN) VALUES (20, 32658924);
INSERT INTO lab.book_author (authors_id, ISBN) VALUES (21, 33318576);
INSERT INTO lab.book_author (authors_id, ISBN) VALUES (22, 35076575);
INSERT INTO lab.book_author (authors_id, ISBN) VALUES (23, 35523187);
INSERT INTO lab.book_author (authors_id, ISBN) VALUES (24, 35752214);
INSERT INTO lab.book_author (authors_id, ISBN) VALUES (25, 39650768);
INSERT INTO lab.book_author (authors_id, ISBN) VALUES (26, 39962517);
INSERT INTO lab.book_author (authors_id, ISBN) VALUES (27, 41290025);
INSERT INTO lab.book_author (authors_id, ISBN) VALUES (28, 42140678);
INSERT INTO lab.book_author (authors_id, ISBN) VALUES (29, 42383794);
INSERT INTO lab.book_author (authors_id, ISBN) VALUES (30, 43763011);
INSERT INTO lab.book_author (authors_id, ISBN) VALUES (31, 44286719);
INSERT INTO lab.book_author (authors_id, ISBN) VALUES (32, 44851034);
INSERT INTO lab.book_author (authors_id, ISBN) VALUES (33, 44997929);
INSERT INTO lab.book_author (authors_id, ISBN) VALUES (34, 45770931);
INSERT INTO lab.book_author (authors_id, ISBN) VALUES (35, 45809052);
INSERT INTO lab.book_author (authors_id, ISBN) VALUES (36, 47105713);
INSERT INTO lab.book_author (authors_id, ISBN) VALUES (37, 48839972);
INSERT INTO lab.book_author (authors_id, ISBN) VALUES (38, 49205457);
INSERT INTO lab.book_author (authors_id, ISBN) VALUES (39, 50418069);
INSERT INTO lab.book_author (authors_id, ISBN) VALUES (40, 53713240);
INSERT INTO lab.book_author (authors_id, ISBN) VALUES (41, 53722255);
INSERT INTO lab.book_author (authors_id, ISBN) VALUES (42, 54199440);
INSERT INTO lab.book_author (authors_id, ISBN) VALUES (43, 54722406);
INSERT INTO lab.book_author (authors_id, ISBN) VALUES (44, 54727374);
INSERT INTO lab.book_author (authors_id, ISBN) VALUES (45, 55331701);
INSERT INTO lab.book_author (authors_id, ISBN) VALUES (46, 55733927);
INSERT INTO lab.book_author (authors_id, ISBN) VALUES (47, 55735731);
INSERT INTO lab.book_author (authors_id, ISBN) VALUES (48, 57005603);
INSERT INTO lab.book_author (authors_id, ISBN) VALUES (49, 57345550);
INSERT INTO lab.book_author (authors_id, ISBN) VALUES (50, 58661524);
INSERT INTO lab.book_author (authors_id, ISBN) VALUES (51, 59332874);
INSERT INTO lab.book_author (authors_id, ISBN) VALUES (52, 59742774);
INSERT INTO lab.book_author (authors_id, ISBN) VALUES (53, 61668278);
INSERT INTO lab.book_author (authors_id, ISBN) VALUES (54, 62809304);
INSERT INTO lab.book_author (authors_id, ISBN) VALUES (55, 63221143);
INSERT INTO lab.book_author (authors_id, ISBN) VALUES (56, 65315109);
INSERT INTO lab.book_author (authors_id, ISBN) VALUES (57, 65763843);
INSERT INTO lab.book_author (authors_id, ISBN) VALUES (58, 66232725);
INSERT INTO lab.book_author (authors_id, ISBN) VALUES (59, 67624957);
INSERT INTO lab.book_author (authors_id, ISBN) VALUES (60, 68853865);
INSERT INTO lab.book_author (authors_id, ISBN) VALUES (1, 69606471);
INSERT INTO lab.book_author (authors_id, ISBN) VALUES (2, 69835876);
INSERT INTO lab.book_author (authors_id, ISBN) VALUES (3, 70534212);
INSERT INTO lab.book_author (authors_id, ISBN) VALUES (4, 70772918);
INSERT INTO lab.book_author (authors_id, ISBN) VALUES (5, 70936710);
INSERT INTO lab.book_author (authors_id, ISBN) VALUES (6, 73309612);
INSERT INTO lab.book_author (authors_id, ISBN) VALUES (7, 74033657);
INSERT INTO lab.book_author (authors_id, ISBN) VALUES (8, 74092192);
INSERT INTO lab.book_author (authors_id, ISBN) VALUES (9, 74713904);
INSERT INTO lab.book_author (authors_id, ISBN) VALUES (10, 75784619);
INSERT INTO lab.book_author (authors_id, ISBN) VALUES (11, 78514410);
INSERT INTO lab.book_author (authors_id, ISBN) VALUES (12, 79180884);
INSERT INTO lab.book_author (authors_id, ISBN) VALUES (13, 79461685);
INSERT INTO lab.book_author (authors_id, ISBN) VALUES (14, 79535586);
INSERT INTO lab.book_author (authors_id, ISBN) VALUES (15, 80559688);
INSERT INTO lab.book_author (authors_id, ISBN) VALUES (16, 83081860);
INSERT INTO lab.book_author (authors_id, ISBN) VALUES (17, 84103691);
INSERT INTO lab.book_author (authors_id, ISBN) VALUES (18, 85236428);
INSERT INTO lab.book_author (authors_id, ISBN) VALUES (19, 85961118);
INSERT INTO lab.book_author (authors_id, ISBN) VALUES (20, 87062960);
INSERT INTO lab.book_author (authors_id, ISBN) VALUES (21, 87833244);
INSERT INTO lab.book_author (authors_id, ISBN) VALUES (22, 88609973);
INSERT INTO lab.book_author (authors_id, ISBN) VALUES (23, 89880278);
INSERT INTO lab.book_author (authors_id, ISBN) VALUES (24, 91014191);
INSERT INTO lab.book_author (authors_id, ISBN) VALUES (25, 91758759);
INSERT INTO lab.book_author (authors_id, ISBN) VALUES (26, 92898515);
INSERT INTO lab.book_author (authors_id, ISBN) VALUES (27, 92987181);
INSERT INTO lab.book_author (authors_id, ISBN) VALUES (28, 94069430);
INSERT INTO lab.book_author (authors_id, ISBN) VALUES (29, 95322287);
INSERT INTO lab.book_author (authors_id, ISBN) VALUES (30, 95489617);
INSERT INTO lab.book_author (authors_id, ISBN) VALUES (31, 96579311);
INSERT INTO lab.book_author (authors_id, ISBN) VALUES (32, 96973725);
INSERT INTO lab.book_author (authors_id, ISBN) VALUES (33, 97569358);
INSERT INTO lab.book_author (authors_id, ISBN) VALUES (34, 97685902);
INSERT INTO lab.book_author (authors_id, ISBN) VALUES (35, 97905599);
INSERT INTO lab.book_author (authors_id, ISBN) VALUES (36, 98449477);
INSERT INTO lab.book_author (authors_id, ISBN) VALUES (37, 98915551);
INSERT INTO lab.book_author (authors_id, ISBN) VALUES (38, 99509098);
INSERT INTO lab.book_author (authors_id, ISBN) VALUES (39, 99759842);
INSERT INTO lab.book_author (authors_id, ISBN) VALUES (40, 99987009);
INSERT INTO lab.book_author (authors_id, ISBN) VALUES (41, 10609160);
INSERT INTO lab.book_author (authors_id, ISBN) VALUES (42, 10670240);
INSERT INTO lab.book_author (authors_id, ISBN) VALUES (43, 11154518);
INSERT INTO lab.book_author (authors_id, ISBN) VALUES (44, 12773130);
INSERT INTO lab.book_author (authors_id, ISBN) VALUES (45, 14314093);
INSERT INTO lab.book_author (authors_id, ISBN) VALUES (46, 14386348);
INSERT INTO lab.book_author (authors_id, ISBN) VALUES (47, 15380986);
INSERT INTO lab.book_author (authors_id, ISBN) VALUES (48, 17797222);
INSERT INTO lab.book_author (authors_id, ISBN) VALUES (49, 18029658);
INSERT INTO lab.book_author (authors_id, ISBN) VALUES (50, 20022895);
INSERT INTO lab.book_author (authors_id, ISBN) VALUES (51, 20427091);
INSERT INTO lab.book_author (authors_id, ISBN) VALUES (52, 22846177);
INSERT INTO lab.book_author (authors_id, ISBN) VALUES (53, 23569314);
INSERT INTO lab.book_author (authors_id, ISBN) VALUES (54, 25717312);
INSERT INTO lab.book_author (authors_id, ISBN) VALUES (55, 27080722);
INSERT INTO lab.book_author (authors_id, ISBN) VALUES (56, 27481397);
INSERT INTO lab.book_author (authors_id, ISBN) VALUES (57, 27865828);
INSERT INTO lab.book_author (authors_id, ISBN) VALUES (58, 29066324);
INSERT INTO lab.book_author (authors_id, ISBN) VALUES (59, 29259973);
INSERT INTO lab.book_author (authors_id, ISBN) VALUES (60, 32658924);
INSERT INTO lab.book_author (authors_id, ISBN) VALUES (1, 33318576);
INSERT INTO lab.book_author (authors_id, ISBN) VALUES (2, 35076575);
INSERT INTO lab.book_author (authors_id, ISBN) VALUES (3, 35523187);
INSERT INTO lab.book_author (authors_id, ISBN) VALUES (4, 35752214);
INSERT INTO lab.book_author (authors_id, ISBN) VALUES (5, 39650768);
INSERT INTO lab.book_author (authors_id, ISBN) VALUES (6, 39962517);
INSERT INTO lab.book_author (authors_id, ISBN) VALUES (7, 41290025);
INSERT INTO lab.book_author (authors_id, ISBN) VALUES (8, 42140678);
INSERT INTO lab.book_author (authors_id, ISBN) VALUES (9, 42383794);
INSERT INTO lab.book_author (authors_id, ISBN) VALUES (10, 43763011);
INSERT INTO lab.book_author (authors_id, ISBN) VALUES (11, 44286719);
INSERT INTO lab.book_author (authors_id, ISBN) VALUES (12, 44851034);
INSERT INTO lab.book_author (authors_id, ISBN) VALUES (13, 44997929);
INSERT INTO lab.book_author (authors_id, ISBN) VALUES (14, 45770931);
INSERT INTO lab.book_author (authors_id, ISBN) VALUES (15, 45809052);
INSERT INTO lab.book_author (authors_id, ISBN) VALUES (16, 47105713);
INSERT INTO lab.book_author (authors_id, ISBN) VALUES (17, 48839972);
INSERT INTO lab.book_author (authors_id, ISBN) VALUES (18, 49205457);
INSERT INTO lab.book_author (authors_id, ISBN) VALUES (19, 50418069);
INSERT INTO lab.book_author (authors_id, ISBN) VALUES (20, 53713240);
INSERT INTO lab.book_author (authors_id, ISBN) VALUES (21, 53722255);
INSERT INTO lab.book_author (authors_id, ISBN) VALUES (22, 54199440);
INSERT INTO lab.book_author (authors_id, ISBN) VALUES (23, 54722406);
INSERT INTO lab.book_author (authors_id, ISBN) VALUES (24, 54727374);
INSERT INTO lab.book_author (authors_id, ISBN) VALUES (25, 55331701);
INSERT INTO lab.book_author (authors_id, ISBN) VALUES (26, 55733927);
INSERT INTO lab.book_author (authors_id, ISBN) VALUES (27, 55735731);
INSERT INTO lab.book_author (authors_id, ISBN) VALUES (28, 57005603);
INSERT INTO lab.book_author (authors_id, ISBN) VALUES (29, 57345550);
INSERT INTO lab.book_author (authors_id, ISBN) VALUES (30, 58661524);
INSERT INTO lab.book_author (authors_id, ISBN) VALUES (31, 59332874);
INSERT INTO lab.book_author (authors_id, ISBN) VALUES (32, 59742774);
INSERT INTO lab.book_author (authors_id, ISBN) VALUES (33, 61668278);
INSERT INTO lab.book_author (authors_id, ISBN) VALUES (34, 62809304);
INSERT INTO lab.book_author (authors_id, ISBN) VALUES (35, 63221143);
INSERT INTO lab.book_author (authors_id, ISBN) VALUES (36, 65315109);
INSERT INTO lab.book_author (authors_id, ISBN) VALUES (37, 65763843);
INSERT INTO lab.book_author (authors_id, ISBN) VALUES (38, 66232725);
INSERT INTO lab.book_author (authors_id, ISBN) VALUES (39, 67624957);
INSERT INTO lab.book_author (authors_id, ISBN) VALUES (40, 68853865);

-- book_category insert
INSERT INTO lab.book_category (category_id, ISBN) VALUES (1, 10609160);
INSERT INTO lab.book_category (category_id, ISBN) VALUES (2, 10670240);
INSERT INTO lab.book_category (category_id, ISBN) VALUES (3, 11154518);
INSERT INTO lab.book_category (category_id, ISBN) VALUES (4, 12773130);
INSERT INTO lab.book_category (category_id, ISBN) VALUES (5, 14314093);
INSERT INTO lab.book_category (category_id, ISBN) VALUES (6, 14386348);
INSERT INTO lab.book_category (category_id, ISBN) VALUES (7, 15380986);
INSERT INTO lab.book_category (category_id, ISBN) VALUES (8, 17797222);
INSERT INTO lab.book_category (category_id, ISBN) VALUES (1, 18029658);
INSERT INTO lab.book_category (category_id, ISBN) VALUES (2, 20022895);
INSERT INTO lab.book_category (category_id, ISBN) VALUES (3, 20427091);
INSERT INTO lab.book_category (category_id, ISBN) VALUES (4, 22846177);
INSERT INTO lab.book_category (category_id, ISBN) VALUES (5, 23569314);
INSERT INTO lab.book_category (category_id, ISBN) VALUES (6, 25717312);
INSERT INTO lab.book_category (category_id, ISBN) VALUES (7, 27080722);
INSERT INTO lab.book_category (category_id, ISBN) VALUES (8, 27481397);
INSERT INTO lab.book_category (category_id, ISBN) VALUES (1, 27865828);
INSERT INTO lab.book_category (category_id, ISBN) VALUES (2, 29066324);
INSERT INTO lab.book_category (category_id, ISBN) VALUES (3, 29259973);
INSERT INTO lab.book_category (category_id, ISBN) VALUES (4, 32658924);
INSERT INTO lab.book_category (category_id, ISBN) VALUES (5, 33318576);
INSERT INTO lab.book_category (category_id, ISBN) VALUES (6, 35076575);
INSERT INTO lab.book_category (category_id, ISBN) VALUES (7, 35523187);
INSERT INTO lab.book_category (category_id, ISBN) VALUES (8, 35752214);
INSERT INTO lab.book_category (category_id, ISBN) VALUES (1, 39650768);
INSERT INTO lab.book_category (category_id, ISBN) VALUES (2, 39962517);
INSERT INTO lab.book_category (category_id, ISBN) VALUES (3, 41290025);
INSERT INTO lab.book_category (category_id, ISBN) VALUES (4, 42140678);
INSERT INTO lab.book_category (category_id, ISBN) VALUES (5, 42383794);
INSERT INTO lab.book_category (category_id, ISBN) VALUES (6, 43763011);
INSERT INTO lab.book_category (category_id, ISBN) VALUES (7, 44286719);
INSERT INTO lab.book_category (category_id, ISBN) VALUES (8, 44851034);
INSERT INTO lab.book_category (category_id, ISBN) VALUES (1, 44997929);
INSERT INTO lab.book_category (category_id, ISBN) VALUES (2, 45770931);
INSERT INTO lab.book_category (category_id, ISBN) VALUES (3, 45809052);
INSERT INTO lab.book_category (category_id, ISBN) VALUES (4, 47105713);
INSERT INTO lab.book_category (category_id, ISBN) VALUES (5, 48839972);
INSERT INTO lab.book_category (category_id, ISBN) VALUES (6, 49205457);
INSERT INTO lab.book_category (category_id, ISBN) VALUES (7, 50418069);
INSERT INTO lab.book_category (category_id, ISBN) VALUES (8, 53713240);
INSERT INTO lab.book_category (category_id, ISBN) VALUES (1, 53722255);
INSERT INTO lab.book_category (category_id, ISBN) VALUES (2, 54199440);
INSERT INTO lab.book_category (category_id, ISBN) VALUES (3, 54722406);
INSERT INTO lab.book_category (category_id, ISBN) VALUES (4, 54727374);
INSERT INTO lab.book_category (category_id, ISBN) VALUES (5, 55331701);
INSERT INTO lab.book_category (category_id, ISBN) VALUES (6, 55733927);
INSERT INTO lab.book_category (category_id, ISBN) VALUES (7, 55735731);
INSERT INTO lab.book_category (category_id, ISBN) VALUES (8, 57005603);
INSERT INTO lab.book_category (category_id, ISBN) VALUES (1, 57345550);
INSERT INTO lab.book_category (category_id, ISBN) VALUES (2, 58661524);
INSERT INTO lab.book_category (category_id, ISBN) VALUES (3, 59332874);
INSERT INTO lab.book_category (category_id, ISBN) VALUES (4, 59742774);
INSERT INTO lab.book_category (category_id, ISBN) VALUES (5, 61668278);
INSERT INTO lab.book_category (category_id, ISBN) VALUES (6, 62809304);
INSERT INTO lab.book_category (category_id, ISBN) VALUES (7, 63221143);
INSERT INTO lab.book_category (category_id, ISBN) VALUES (8, 65315109);
INSERT INTO lab.book_category (category_id, ISBN) VALUES (1, 65763843);
INSERT INTO lab.book_category (category_id, ISBN) VALUES (2, 66232725);
INSERT INTO lab.book_category (category_id, ISBN) VALUES (3, 67624957);
INSERT INTO lab.book_category (category_id, ISBN) VALUES (4, 68853865);
INSERT INTO lab.book_category (category_id, ISBN) VALUES (5, 69606471);
INSERT INTO lab.book_category (category_id, ISBN) VALUES (6, 69835876);
INSERT INTO lab.book_category (category_id, ISBN) VALUES (7, 70534212);
INSERT INTO lab.book_category (category_id, ISBN) VALUES (8, 70772918);
INSERT INTO lab.book_category (category_id, ISBN) VALUES (1, 70936710);
INSERT INTO lab.book_category (category_id, ISBN) VALUES (2, 73309612);
INSERT INTO lab.book_category (category_id, ISBN) VALUES (3, 74033657);
INSERT INTO lab.book_category (category_id, ISBN) VALUES (4, 74092192);
INSERT INTO lab.book_category (category_id, ISBN) VALUES (5, 74713904);
INSERT INTO lab.book_category (category_id, ISBN) VALUES (6, 75784619);
INSERT INTO lab.book_category (category_id, ISBN) VALUES (7, 78514410);
INSERT INTO lab.book_category (category_id, ISBN) VALUES (8, 79180884);
INSERT INTO lab.book_category (category_id, ISBN) VALUES (1, 79461685);
INSERT INTO lab.book_category (category_id, ISBN) VALUES (2, 79535586);
INSERT INTO lab.book_category (category_id, ISBN) VALUES (3, 80559688);
INSERT INTO lab.book_category (category_id, ISBN) VALUES (4, 83081860);
INSERT INTO lab.book_category (category_id, ISBN) VALUES (5, 84103691);
INSERT INTO lab.book_category (category_id, ISBN) VALUES (6, 85236428);
INSERT INTO lab.book_category (category_id, ISBN) VALUES (7, 85961118);
INSERT INTO lab.book_category (category_id, ISBN) VALUES (8, 87062960);
INSERT INTO lab.book_category (category_id, ISBN) VALUES (1, 87833244);
INSERT INTO lab.book_category (category_id, ISBN) VALUES (2, 88609973);
INSERT INTO lab.book_category (category_id, ISBN) VALUES (3, 89880278);
INSERT INTO lab.book_category (category_id, ISBN) VALUES (4, 91014191);
INSERT INTO lab.book_category (category_id, ISBN) VALUES (5, 91758759);
INSERT INTO lab.book_category (category_id, ISBN) VALUES (6, 92898515);
INSERT INTO lab.book_category (category_id, ISBN) VALUES (7, 92987181);
INSERT INTO lab.book_category (category_id, ISBN) VALUES (8, 94069430);
INSERT INTO lab.book_category (category_id, ISBN) VALUES (1, 95322287);
INSERT INTO lab.book_category (category_id, ISBN) VALUES (2, 95489617);
INSERT INTO lab.book_category (category_id, ISBN) VALUES (3, 96579311);
INSERT INTO lab.book_category (category_id, ISBN) VALUES (4, 96973725);
INSERT INTO lab.book_category (category_id, ISBN) VALUES (5, 97569358);
INSERT INTO lab.book_category (category_id, ISBN) VALUES (6, 97685902);
INSERT INTO lab.book_category (category_id, ISBN) VALUES (7, 97905599);
INSERT INTO lab.book_category (category_id, ISBN) VALUES (8, 98449477);
INSERT INTO lab.book_category (category_id, ISBN) VALUES (1, 98915551);
INSERT INTO lab.book_category (category_id, ISBN) VALUES (2, 99509098);
INSERT INTO lab.book_category (category_id, ISBN) VALUES (3, 99759842);
INSERT INTO lab.book_category (category_id, ISBN) VALUES (4, 99987009);
INSERT INTO lab.book_category (category_id, ISBN) VALUES (5, 10609160);
INSERT INTO lab.book_category (category_id, ISBN) VALUES (6, 10670240);
INSERT INTO lab.book_category (category_id, ISBN) VALUES (7, 11154518);
INSERT INTO lab.book_category (category_id, ISBN) VALUES (8, 12773130);
INSERT INTO lab.book_category (category_id, ISBN) VALUES (1, 14314093);
INSERT INTO lab.book_category (category_id, ISBN) VALUES (2, 14386348);
INSERT INTO lab.book_category (category_id, ISBN) VALUES (3, 15380986);
INSERT INTO lab.book_category (category_id, ISBN) VALUES (4, 17797222);
INSERT INTO lab.book_category (category_id, ISBN) VALUES (5, 18029658);
INSERT INTO lab.book_category (category_id, ISBN) VALUES (6, 20022895);
INSERT INTO lab.book_category (category_id, ISBN) VALUES (7, 20427091);
INSERT INTO lab.book_category (category_id, ISBN) VALUES (8, 22846177);
INSERT INTO lab.book_category (category_id, ISBN) VALUES (1, 23569314);
INSERT INTO lab.book_category (category_id, ISBN) VALUES (2, 25717312);
INSERT INTO lab.book_category (category_id, ISBN) VALUES (3, 27080722);
INSERT INTO lab.book_category (category_id, ISBN) VALUES (4, 27481397);
INSERT INTO lab.book_category (category_id, ISBN) VALUES (5, 27865828);
INSERT INTO lab.book_category (category_id, ISBN) VALUES (6, 29066324);
INSERT INTO lab.book_category (category_id, ISBN) VALUES (7, 29259973);
INSERT INTO lab.book_category (category_id, ISBN) VALUES (8, 32658924);
INSERT INTO lab.book_category (category_id, ISBN) VALUES (1, 33318576);
INSERT INTO lab.book_category (category_id, ISBN) VALUES (2, 35076575);
INSERT INTO lab.book_category (category_id, ISBN) VALUES (3, 35523187);
INSERT INTO lab.book_category (category_id, ISBN) VALUES (4, 35752214);
INSERT INTO lab.book_category (category_id, ISBN) VALUES (5, 39650768);
INSERT INTO lab.book_category (category_id, ISBN) VALUES (6, 39962517);
INSERT INTO lab.book_category (category_id, ISBN) VALUES (7, 41290025);
INSERT INTO lab.book_category (category_id, ISBN) VALUES (8, 42140678);
INSERT INTO lab.book_category (category_id, ISBN) VALUES (1, 42383794);
INSERT INTO lab.book_category (category_id, ISBN) VALUES (2, 43763011);
INSERT INTO lab.book_category (category_id, ISBN) VALUES (3, 44286719);
INSERT INTO lab.book_category (category_id, ISBN) VALUES (4, 44851034);
INSERT INTO lab.book_category (category_id, ISBN) VALUES (5, 44997929);
INSERT INTO lab.book_category (category_id, ISBN) VALUES (6, 45770931);
INSERT INTO lab.book_category (category_id, ISBN) VALUES (7, 45809052);
INSERT INTO lab.book_category (category_id, ISBN) VALUES (8, 47105713);
INSERT INTO lab.book_category (category_id, ISBN) VALUES (1, 48839972);
INSERT INTO lab.book_category (category_id, ISBN) VALUES (2, 49205457);
INSERT INTO lab.book_category (category_id, ISBN) VALUES (3, 50418069);
INSERT INTO lab.book_category (category_id, ISBN) VALUES (4, 53713240);
INSERT INTO lab.book_category (category_id, ISBN) VALUES (5, 53722255);
INSERT INTO lab.book_category (category_id, ISBN) VALUES (6, 54199440);
INSERT INTO lab.book_category (category_id, ISBN) VALUES (7, 54722406);
INSERT INTO lab.book_category (category_id, ISBN) VALUES (8, 54727374);
INSERT INTO lab.book_category (category_id, ISBN) VALUES (1, 55331701);
INSERT INTO lab.book_category (category_id, ISBN) VALUES (2, 55733927);
INSERT INTO lab.book_category (category_id, ISBN) VALUES (3, 55735731);
INSERT INTO lab.book_category (category_id, ISBN) VALUES (4, 57005603);
INSERT INTO lab.book_category (category_id, ISBN) VALUES (5, 57345550);
INSERT INTO lab.book_category (category_id, ISBN) VALUES (6, 58661524);

-- inventory insert
INSERT INTO lab.inventory (ISBN, inventory_id, school_id) VALUES (97569358, 1, 13);
INSERT INTO lab.inventory (ISBN, inventory_id, school_id) VALUES (22846177, 2, 22);
INSERT INTO lab.inventory (ISBN, inventory_id, school_id) VALUES (45809052, 3, 25);
INSERT INTO lab.inventory (ISBN, inventory_id, school_id) VALUES (27481397, 4, 6);
INSERT INTO lab.inventory (ISBN, inventory_id, school_id) VALUES (45770931, 5, 14);
INSERT INTO lab.inventory (ISBN, inventory_id, school_id) VALUES (53713240, 6, 20);
INSERT INTO lab.inventory (ISBN, inventory_id, school_id) VALUES (35076575, 7, 2);
INSERT INTO lab.inventory (ISBN, inventory_id, school_id) VALUES (99987009, 8, 20);
INSERT INTO lab.inventory (ISBN, inventory_id, school_id) VALUES (11154518, 9, 13);
INSERT INTO lab.inventory (ISBN, inventory_id, school_id) VALUES (55735731, 10, 27);
INSERT INTO lab.inventory (ISBN, inventory_id, school_id) VALUES (69606471, 11, 1);
INSERT INTO lab.inventory (ISBN, inventory_id, school_id) VALUES (70936710, 12, 5);
INSERT INTO lab.inventory (ISBN, inventory_id, school_id) VALUES (78514410, 13, 21);
INSERT INTO lab.inventory (ISBN, inventory_id, school_id) VALUES (97905599, 14, 5);
INSERT INTO lab.inventory (ISBN, inventory_id, school_id) VALUES (41290025, 15, 7);
INSERT INTO lab.inventory (ISBN, inventory_id, school_id) VALUES (97905599, 16, 15);
INSERT INTO lab.inventory (ISBN, inventory_id, school_id) VALUES (96973725, 17, 22);
INSERT INTO lab.inventory (ISBN, inventory_id, school_id) VALUES (79461685, 18, 13);
INSERT INTO lab.inventory (ISBN, inventory_id, school_id) VALUES (57005603, 19, 18);
INSERT INTO lab.inventory (ISBN, inventory_id, school_id) VALUES (65315109, 20, 6);
INSERT INTO lab.inventory (ISBN, inventory_id, school_id) VALUES (80559688, 21, 25);
INSERT INTO lab.inventory (ISBN, inventory_id, school_id) VALUES (14314093, 22, 15);
INSERT INTO lab.inventory (ISBN, inventory_id, school_id) VALUES (99759842, 23, 9);
INSERT INTO lab.inventory (ISBN, inventory_id, school_id) VALUES (43763011, 24, 30);
INSERT INTO lab.inventory (ISBN, inventory_id, school_id) VALUES (29066324, 25, 28);
INSERT INTO lab.inventory (ISBN, inventory_id, school_id) VALUES (35076575, 26, 2);
INSERT INTO lab.inventory (ISBN, inventory_id, school_id) VALUES (18029658, 27, 19);
INSERT INTO lab.inventory (ISBN, inventory_id, school_id) VALUES (54722406, 28, 3);
INSERT INTO lab.inventory (ISBN, inventory_id, school_id) VALUES (79180884, 29, 2);
INSERT INTO lab.inventory (ISBN, inventory_id, school_id) VALUES (91758759, 30, 5);
INSERT INTO lab.inventory (ISBN, inventory_id, school_id) VALUES (44851034, 31, 22);
INSERT INTO lab.inventory (ISBN, inventory_id, school_id) VALUES (29259973, 32, 19);
INSERT INTO lab.inventory (ISBN, inventory_id, school_id) VALUES (63221143, 33, 25);
INSERT INTO lab.inventory (ISBN, inventory_id, school_id) VALUES (44286719, 34, 1);
INSERT INTO lab.inventory (ISBN, inventory_id, school_id) VALUES (80559688, 35, 15);
INSERT INTO lab.inventory (ISBN, inventory_id, school_id) VALUES (74033657, 36, 27);
INSERT INTO lab.inventory (ISBN, inventory_id, school_id) VALUES (87833244, 37, 21);
INSERT INTO lab.inventory (ISBN, inventory_id, school_id) VALUES (55331701, 38, 15);
INSERT INTO lab.inventory (ISBN, inventory_id, school_id) VALUES (98449477, 39, 6);
INSERT INTO lab.inventory (ISBN, inventory_id, school_id) VALUES (55331701, 40, 25);
INSERT INTO lab.inventory (ISBN, inventory_id, school_id) VALUES (74092192, 41, 8);
INSERT INTO lab.inventory (ISBN, inventory_id, school_id) VALUES (57345550, 42, 29);
INSERT INTO lab.inventory (ISBN, inventory_id, school_id) VALUES (54722406, 43, 13);
INSERT INTO lab.inventory (ISBN, inventory_id, school_id) VALUES (15380986, 44, 7);
INSERT INTO lab.inventory (ISBN, inventory_id, school_id) VALUES (41290025, 45, 7);
INSERT INTO lab.inventory (ISBN, inventory_id, school_id) VALUES (91758759, 46, 5);
INSERT INTO lab.inventory (ISBN, inventory_id, school_id) VALUES (59332874, 47, 21);
INSERT INTO lab.inventory (ISBN, inventory_id, school_id) VALUES (74713904, 48, 9);
INSERT INTO lab.inventory (ISBN, inventory_id, school_id) VALUES (15380986, 49, 27);
INSERT INTO lab.inventory (ISBN, inventory_id, school_id) VALUES (55733927, 50, 6);
INSERT INTO lab.inventory (ISBN, inventory_id, school_id) VALUES (11154518, 51, 23);
INSERT INTO lab.inventory (ISBN, inventory_id, school_id) VALUES (39962517, 52, 26);
INSERT INTO lab.inventory (ISBN, inventory_id, school_id) VALUES (73309612, 53, 6);
INSERT INTO lab.inventory (ISBN, inventory_id, school_id) VALUES (61668278, 54, 13);
INSERT INTO lab.inventory (ISBN, inventory_id, school_id) VALUES (75784619, 55, 10);
INSERT INTO lab.inventory (ISBN, inventory_id, school_id) VALUES (80559688, 56, 5);
INSERT INTO lab.inventory (ISBN, inventory_id, school_id) VALUES (94069430, 57, 18);
INSERT INTO lab.inventory (ISBN, inventory_id, school_id) VALUES (95322287, 58, 29);
INSERT INTO lab.inventory (ISBN, inventory_id, school_id) VALUES (29066324, 59, 18);
INSERT INTO lab.inventory (ISBN, inventory_id, school_id) VALUES (22846177, 60, 12);
INSERT INTO lab.inventory (ISBN, inventory_id, school_id) VALUES (42383794, 61, 29);
INSERT INTO lab.inventory (ISBN, inventory_id, school_id) VALUES (11154518, 62, 3);
INSERT INTO lab.inventory (ISBN, inventory_id, school_id) VALUES (96579311, 63, 1);
INSERT INTO lab.inventory (ISBN, inventory_id, school_id) VALUES (78514410, 64, 21);
INSERT INTO lab.inventory (ISBN, inventory_id, school_id) VALUES (14314093, 65, 5);
INSERT INTO lab.inventory (ISBN, inventory_id, school_id) VALUES (85236428, 66, 28);
INSERT INTO lab.inventory (ISBN, inventory_id, school_id) VALUES (41290025, 67, 27);
INSERT INTO lab.inventory (ISBN, inventory_id, school_id) VALUES (70534212, 68, 23);
INSERT INTO lab.inventory (ISBN, inventory_id, school_id) VALUES (33318576, 69, 11);
INSERT INTO lab.inventory (ISBN, inventory_id, school_id) VALUES (96579311, 70, 11);
INSERT INTO lab.inventory (ISBN, inventory_id, school_id) VALUES (14386348, 71, 16);
INSERT INTO lab.inventory (ISBN, inventory_id, school_id) VALUES (92987181, 72, 7);
INSERT INTO lab.inventory (ISBN, inventory_id, school_id) VALUES (88609973, 73, 2);
INSERT INTO lab.inventory (ISBN, inventory_id, school_id) VALUES (84103691, 74, 27);
INSERT INTO lab.inventory (ISBN, inventory_id, school_id) VALUES (61668278, 75, 3);
INSERT INTO lab.inventory (ISBN, inventory_id, school_id) VALUES (14386348, 76, 6);
INSERT INTO lab.inventory (ISBN, inventory_id, school_id) VALUES (74713904, 77, 19);
INSERT INTO lab.inventory (ISBN, inventory_id, school_id) VALUES (48839972, 78, 27);
INSERT INTO lab.inventory (ISBN, inventory_id, school_id) VALUES (98915551, 79, 17);
INSERT INTO lab.inventory (ISBN, inventory_id, school_id) VALUES (49205457, 80, 18);
INSERT INTO lab.inventory (ISBN, inventory_id, school_id) VALUES (84103691, 81, 17);
INSERT INTO lab.inventory (ISBN, inventory_id, school_id) VALUES (14386348, 82, 6);
INSERT INTO lab.inventory (ISBN, inventory_id, school_id) VALUES (78514410, 83, 1);
INSERT INTO lab.inventory (ISBN, inventory_id, school_id) VALUES (74092192, 84, 8);
INSERT INTO lab.inventory (ISBN, inventory_id, school_id) VALUES (44997929, 85, 3);
INSERT INTO lab.inventory (ISBN, inventory_id, school_id) VALUES (99759842, 86, 19);
INSERT INTO lab.inventory (ISBN, inventory_id, school_id) VALUES (98915551, 87, 17);
INSERT INTO lab.inventory (ISBN, inventory_id, school_id) VALUES (35076575, 88, 22);
INSERT INTO lab.inventory (ISBN, inventory_id, school_id) VALUES (17797222, 89, 18);
INSERT INTO lab.inventory (ISBN, inventory_id, school_id) VALUES (92987181, 90, 27);
INSERT INTO lab.inventory (ISBN, inventory_id, school_id) VALUES (98449477, 91, 16);
INSERT INTO lab.inventory (ISBN, inventory_id, school_id) VALUES (85961118, 92, 19);
INSERT INTO lab.inventory (ISBN, inventory_id, school_id) VALUES (70772918, 93, 24);
INSERT INTO lab.inventory (ISBN, inventory_id, school_id) VALUES (97905599, 94, 25);
INSERT INTO lab.inventory (ISBN, inventory_id, school_id) VALUES (39650768, 95, 25);
INSERT INTO lab.inventory (ISBN, inventory_id, school_id) VALUES (25717312, 96, 14);
INSERT INTO lab.inventory (ISBN, inventory_id, school_id) VALUES (33318576, 97, 1);
INSERT INTO lab.inventory (ISBN, inventory_id, school_id) VALUES (54199440, 98, 12);
INSERT INTO lab.inventory (ISBN, inventory_id, school_id) VALUES (89880278, 99, 23);
INSERT INTO lab.inventory (ISBN, inventory_id, school_id) VALUES (91014191, 100, 24);
INSERT INTO lab.inventory (ISBN, inventory_id, school_id) VALUES (32658924, 101, 10);
INSERT INTO lab.inventory (ISBN, inventory_id, school_id) VALUES (96973725, 102, 2);
INSERT INTO lab.inventory (ISBN, inventory_id, school_id) VALUES (98449477, 103, 16);
INSERT INTO lab.inventory (ISBN, inventory_id, school_id) VALUES (39962517, 104, 16);
INSERT INTO lab.inventory (ISBN, inventory_id, school_id) VALUES (98915551, 105, 7);
INSERT INTO lab.inventory (ISBN, inventory_id, school_id) VALUES (66232725, 106, 28);
INSERT INTO lab.inventory (ISBN, inventory_id, school_id) VALUES (65763843, 107, 7);
INSERT INTO lab.inventory (ISBN, inventory_id, school_id) VALUES (78514410, 108, 11);
INSERT INTO lab.inventory (ISBN, inventory_id, school_id) VALUES (44286719, 109, 21);
INSERT INTO lab.inventory (ISBN, inventory_id, school_id) VALUES (95489617, 110, 30);
INSERT INTO lab.inventory (ISBN, inventory_id, school_id) VALUES (29066324, 111, 8);
INSERT INTO lab.inventory (ISBN, inventory_id, school_id) VALUES (88609973, 112, 2);
INSERT INTO lab.inventory (ISBN, inventory_id, school_id) VALUES (54199440, 113, 22);
INSERT INTO lab.inventory (ISBN, inventory_id, school_id) VALUES (74713904, 114, 19);
INSERT INTO lab.inventory (ISBN, inventory_id, school_id) VALUES (99759842, 115, 9);
INSERT INTO lab.inventory (ISBN, inventory_id, school_id) VALUES (55733927, 116, 26);
INSERT INTO lab.inventory (ISBN, inventory_id, school_id) VALUES (94069430, 117, 28);
INSERT INTO lab.inventory (ISBN, inventory_id, school_id) VALUES (10670240, 118, 12);
INSERT INTO lab.inventory (ISBN, inventory_id, school_id) VALUES (49205457, 119, 28);
INSERT INTO lab.inventory (ISBN, inventory_id, school_id) VALUES (54727374, 120, 24);
INSERT INTO lab.inventory (ISBN, inventory_id, school_id) VALUES (63221143, 121, 5);
INSERT INTO lab.inventory (ISBN, inventory_id, school_id) VALUES (39962517, 122, 26);
INSERT INTO lab.inventory (ISBN, inventory_id, school_id) VALUES (54727374, 123, 14);
INSERT INTO lab.inventory (ISBN, inventory_id, school_id) VALUES (57005603, 124, 28);
INSERT INTO lab.inventory (ISBN, inventory_id, school_id) VALUES (97685902, 125, 14);
INSERT INTO lab.inventory (ISBN, inventory_id, school_id) VALUES (50418069, 126, 19);
INSERT INTO lab.inventory (ISBN, inventory_id, school_id) VALUES (27080722, 127, 15);
INSERT INTO lab.inventory (ISBN, inventory_id, school_id) VALUES (94069430, 128, 28);
INSERT INTO lab.inventory (ISBN, inventory_id, school_id) VALUES (85961118, 129, 29);
INSERT INTO lab.inventory (ISBN, inventory_id, school_id) VALUES (44851034, 130, 2);
INSERT INTO lab.inventory (ISBN, inventory_id, school_id) VALUES (20427091, 131, 1);
INSERT INTO lab.inventory (ISBN, inventory_id, school_id) VALUES (70936710, 132, 15);
INSERT INTO lab.inventory (ISBN, inventory_id, school_id) VALUES (12773130, 133, 14);
INSERT INTO lab.inventory (ISBN, inventory_id, school_id) VALUES (42140678, 134, 8);
INSERT INTO lab.inventory (ISBN, inventory_id, school_id) VALUES (59332874, 135, 1);
INSERT INTO lab.inventory (ISBN, inventory_id, school_id) VALUES (43763011, 136, 30);
INSERT INTO lab.inventory (ISBN, inventory_id, school_id) VALUES (98449477, 137, 6);
INSERT INTO lab.inventory (ISBN, inventory_id, school_id) VALUES (12773130, 138, 14);
INSERT INTO lab.inventory (ISBN, inventory_id, school_id) VALUES (79461685, 139, 13);
INSERT INTO lab.inventory (ISBN, inventory_id, school_id) VALUES (25717312, 140, 24);
INSERT INTO lab.inventory (ISBN, inventory_id, school_id) VALUES (61668278, 141, 23);
INSERT INTO lab.inventory (ISBN, inventory_id, school_id) VALUES (27481397, 142, 26);
INSERT INTO lab.inventory (ISBN, inventory_id, school_id) VALUES (43763011, 143, 10);
INSERT INTO lab.inventory (ISBN, inventory_id, school_id) VALUES (92987181, 144, 17);
INSERT INTO lab.inventory (ISBN, inventory_id, school_id) VALUES (74033657, 145, 7);
INSERT INTO lab.inventory (ISBN, inventory_id, school_id) VALUES (58661524, 146, 20);
INSERT INTO lab.inventory (ISBN, inventory_id, school_id) VALUES (47105713, 147, 26);
INSERT INTO lab.inventory (ISBN, inventory_id, school_id) VALUES (35076575, 148, 12);
INSERT INTO lab.inventory (ISBN, inventory_id, school_id) VALUES (57345550, 149, 29);
INSERT INTO lab.inventory (ISBN, inventory_id, school_id) VALUES (88609973, 150, 22);
INSERT INTO lab.inventory (ISBN, inventory_id, school_id) VALUES (33318576, 151, 1);
INSERT INTO lab.inventory (ISBN, inventory_id, school_id) VALUES (20427091, 152, 21);
INSERT INTO lab.inventory (ISBN, inventory_id, school_id) VALUES (47105713, 153, 16);
INSERT INTO lab.inventory (ISBN, inventory_id, school_id) VALUES (44851034, 154, 2);
INSERT INTO lab.inventory (ISBN, inventory_id, school_id) VALUES (84103691, 155, 7);
INSERT INTO lab.inventory (ISBN, inventory_id, school_id) VALUES (55331701, 156, 25);
INSERT INTO lab.inventory (ISBN, inventory_id, school_id) VALUES (62809304, 157, 4);
INSERT INTO lab.inventory (ISBN, inventory_id, school_id) VALUES (59742774, 158, 2);
INSERT INTO lab.inventory (ISBN, inventory_id, school_id) VALUES (87833244, 159, 21);
INSERT INTO lab.inventory (ISBN, inventory_id, school_id) VALUES (23569314, 160, 13);
INSERT INTO lab.inventory (ISBN, inventory_id, school_id) VALUES (65763843, 161, 7);
INSERT INTO lab.inventory (ISBN, inventory_id, school_id) VALUES (45809052, 162, 15);
INSERT INTO lab.inventory (ISBN, inventory_id, school_id) VALUES (91758759, 163, 25);
INSERT INTO lab.inventory (ISBN, inventory_id, school_id) VALUES (55735731, 164, 17);
INSERT INTO lab.inventory (ISBN, inventory_id, school_id) VALUES (69606471, 165, 1);
INSERT INTO lab.inventory (ISBN, inventory_id, school_id) VALUES (32658924, 166, 20);
INSERT INTO lab.inventory (ISBN, inventory_id, school_id) VALUES (53713240, 167, 20);
INSERT INTO lab.inventory (ISBN, inventory_id, school_id) VALUES (15380986, 168, 17);
INSERT INTO lab.inventory (ISBN, inventory_id, school_id) VALUES (53713240, 169, 10);
INSERT INTO lab.inventory (ISBN, inventory_id, school_id) VALUES (92987181, 170, 27);
INSERT INTO lab.inventory (ISBN, inventory_id, school_id) VALUES (79180884, 171, 22);
INSERT INTO lab.inventory (ISBN, inventory_id, school_id) VALUES (43763011, 172, 20);
INSERT INTO lab.inventory (ISBN, inventory_id, school_id) VALUES (20427091, 173, 11);
INSERT INTO lab.inventory (ISBN, inventory_id, school_id) VALUES (73309612, 174, 16);
INSERT INTO lab.inventory (ISBN, inventory_id, school_id) VALUES (25717312, 175, 14);
INSERT INTO lab.inventory (ISBN, inventory_id, school_id) VALUES (14386348, 176, 16);
INSERT INTO lab.inventory (ISBN, inventory_id, school_id) VALUES (92898515, 177, 6);
INSERT INTO lab.inventory (ISBN, inventory_id, school_id) VALUES (85236428, 178, 8);
INSERT INTO lab.inventory (ISBN, inventory_id, school_id) VALUES (95322287, 179, 9);
INSERT INTO lab.inventory (ISBN, inventory_id, school_id) VALUES (79180884, 180, 12);
INSERT INTO lab.inventory (ISBN, inventory_id, school_id) VALUES (92898515, 181, 26);
INSERT INTO lab.inventory (ISBN, inventory_id, school_id) VALUES (29259973, 182, 29);
INSERT INTO lab.inventory (ISBN, inventory_id, school_id) VALUES (58661524, 183, 20);
INSERT INTO lab.inventory (ISBN, inventory_id, school_id) VALUES (79535586, 184, 14);
INSERT INTO lab.inventory (ISBN, inventory_id, school_id) VALUES (22846177, 185, 2);
INSERT INTO lab.inventory (ISBN, inventory_id, school_id) VALUES (23569314, 186, 13);
INSERT INTO lab.inventory (ISBN, inventory_id, school_id) VALUES (68853865, 187, 10);
INSERT INTO lab.inventory (ISBN, inventory_id, school_id) VALUES (97569358, 188, 3);
INSERT INTO lab.inventory (ISBN, inventory_id, school_id) VALUES (83081860, 189, 26);
INSERT INTO lab.inventory (ISBN, inventory_id, school_id) VALUES (79461685, 190, 23);
INSERT INTO lab.inventory (ISBN, inventory_id, school_id) VALUES (44997929, 191, 3);
INSERT INTO lab.inventory (ISBN, inventory_id, school_id) VALUES (69606471, 192, 21);
INSERT INTO lab.inventory (ISBN, inventory_id, school_id) VALUES (29066324, 193, 18);
INSERT INTO lab.inventory (ISBN, inventory_id, school_id) VALUES (95489617, 194, 30);
INSERT INTO lab.inventory (ISBN, inventory_id, school_id) VALUES (54199440, 195, 22);
INSERT INTO lab.inventory (ISBN, inventory_id, school_id) VALUES (42140678, 196, 18);
INSERT INTO lab.inventory (ISBN, inventory_id, school_id) VALUES (63221143, 197, 5);
INSERT INTO lab.inventory (ISBN, inventory_id, school_id) VALUES (10670240, 198, 2);
INSERT INTO lab.inventory (ISBN, inventory_id, school_id) VALUES (10670240, 199, 22);
INSERT INTO lab.inventory (ISBN, inventory_id, school_id) VALUES (27865828, 200, 17);
INSERT INTO lab.inventory (ISBN, inventory_id, school_id) VALUES (57005603, 201, 8);
INSERT INTO lab.inventory (ISBN, inventory_id, school_id) VALUES (87833244, 202, 11);
INSERT INTO lab.inventory (ISBN, inventory_id, school_id) VALUES (89880278, 203, 3);
INSERT INTO lab.inventory (ISBN, inventory_id, school_id) VALUES (53722255, 204, 21);
INSERT INTO lab.inventory (ISBN, inventory_id, school_id) VALUES (91014191, 205, 14);
INSERT INTO lab.inventory (ISBN, inventory_id, school_id) VALUES (23569314, 206, 23);
INSERT INTO lab.inventory (ISBN, inventory_id, school_id) VALUES (35523187, 207, 3);
INSERT INTO lab.inventory (ISBN, inventory_id, school_id) VALUES (79535586, 208, 14);
INSERT INTO lab.inventory (ISBN, inventory_id, school_id) VALUES (70534212, 209, 3);
INSERT INTO lab.inventory (ISBN, inventory_id, school_id) VALUES (59742774, 210, 12);
INSERT INTO lab.inventory (ISBN, inventory_id, school_id) VALUES (55331701, 211, 15);
INSERT INTO lab.inventory (ISBN, inventory_id, school_id) VALUES (27080722, 212, 25);
INSERT INTO lab.inventory (ISBN, inventory_id, school_id) VALUES (67624957, 213, 29);
INSERT INTO lab.inventory (ISBN, inventory_id, school_id) VALUES (99987009, 214, 20);
INSERT INTO lab.inventory (ISBN, inventory_id, school_id) VALUES (79535586, 215, 24);
INSERT INTO lab.inventory (ISBN, inventory_id, school_id) VALUES (29066324, 216, 28);
INSERT INTO lab.inventory (ISBN, inventory_id, school_id) VALUES (97685902, 217, 4);
INSERT INTO lab.inventory (ISBN, inventory_id, school_id) VALUES (73309612, 218, 16);
INSERT INTO lab.inventory (ISBN, inventory_id, school_id) VALUES (55735731, 219, 17);
INSERT INTO lab.inventory (ISBN, inventory_id, school_id) VALUES (87062960, 220, 30);
INSERT INTO lab.inventory (ISBN, inventory_id, school_id) VALUES (97685902, 221, 24);
INSERT INTO lab.inventory (ISBN, inventory_id, school_id) VALUES (42140678, 222, 28);
INSERT INTO lab.inventory (ISBN, inventory_id, school_id) VALUES (59332874, 223, 1);
INSERT INTO lab.inventory (ISBN, inventory_id, school_id) VALUES (70772918, 224, 4);
INSERT INTO lab.inventory (ISBN, inventory_id, school_id) VALUES (18029658, 225, 29);
INSERT INTO lab.inventory (ISBN, inventory_id, school_id) VALUES (20022895, 226, 20);
INSERT INTO lab.inventory (ISBN, inventory_id, school_id) VALUES (66232725, 227, 8);
INSERT INTO lab.inventory (ISBN, inventory_id, school_id) VALUES (65315109, 228, 6);
INSERT INTO lab.inventory (ISBN, inventory_id, school_id) VALUES (33318576, 229, 21);
INSERT INTO lab.inventory (ISBN, inventory_id, school_id) VALUES (67624957, 230, 9);
INSERT INTO lab.inventory (ISBN, inventory_id, school_id) VALUES (59742774, 231, 2);
INSERT INTO lab.inventory (ISBN, inventory_id, school_id) VALUES (69835876, 232, 12);
INSERT INTO lab.inventory (ISBN, inventory_id, school_id) VALUES (80559688, 233, 25);
INSERT INTO lab.inventory (ISBN, inventory_id, school_id) VALUES (44851034, 234, 12);
INSERT INTO lab.inventory (ISBN, inventory_id, school_id) VALUES (83081860, 235, 6);
INSERT INTO lab.inventory (ISBN, inventory_id, school_id) VALUES (48839972, 236, 7);
INSERT INTO lab.inventory (ISBN, inventory_id, school_id) VALUES (47105713, 237, 6);
INSERT INTO lab.inventory (ISBN, inventory_id, school_id) VALUES (83081860, 238, 26);
INSERT INTO lab.inventory (ISBN, inventory_id, school_id) VALUES (97905599, 239, 5);
INSERT INTO lab.inventory (ISBN, inventory_id, school_id) VALUES (55733927, 240, 16);
INSERT INTO lab.inventory (ISBN, inventory_id, school_id) VALUES (91014191, 241, 4);
INSERT INTO lab.inventory (ISBN, inventory_id, school_id) VALUES (47105713, 242, 16);
INSERT INTO lab.inventory (ISBN, inventory_id, school_id) VALUES (15380986, 243, 7);
INSERT INTO lab.inventory (ISBN, inventory_id, school_id) VALUES (92898515, 244, 6);
INSERT INTO lab.inventory (ISBN, inventory_id, school_id) VALUES (48839972, 245, 17);
INSERT INTO lab.inventory (ISBN, inventory_id, school_id) VALUES (50418069, 246, 19);
INSERT INTO lab.inventory (ISBN, inventory_id, school_id) VALUES (98915551, 247, 27);
INSERT INTO lab.inventory (ISBN, inventory_id, school_id) VALUES (11154518, 248, 13);
INSERT INTO lab.inventory (ISBN, inventory_id, school_id) VALUES (50418069, 249, 9);
INSERT INTO lab.inventory (ISBN, inventory_id, school_id) VALUES (27865828, 250, 7);
INSERT INTO lab.inventory (ISBN, inventory_id, school_id) VALUES (49205457, 251, 8);
INSERT INTO lab.inventory (ISBN, inventory_id, school_id) VALUES (96579311, 252, 21);
INSERT INTO lab.inventory (ISBN, inventory_id, school_id) VALUES (53713240, 253, 10);
INSERT INTO lab.inventory (ISBN, inventory_id, school_id) VALUES (32658924, 254, 30);
INSERT INTO lab.inventory (ISBN, inventory_id, school_id) VALUES (79535586, 255, 24);
INSERT INTO lab.inventory (ISBN, inventory_id, school_id) VALUES (35752214, 256, 14);
INSERT INTO lab.inventory (ISBN, inventory_id, school_id) VALUES (87062960, 257, 10);
INSERT INTO lab.inventory (ISBN, inventory_id, school_id) VALUES (54722406, 258, 23);
INSERT INTO lab.inventory (ISBN, inventory_id, school_id) VALUES (23569314, 259, 3);
INSERT INTO lab.inventory (ISBN, inventory_id, school_id) VALUES (42383794, 260, 9);
INSERT INTO lab.inventory (ISBN, inventory_id, school_id) VALUES (59332874, 261, 11);
INSERT INTO lab.inventory (ISBN, inventory_id, school_id) VALUES (44286719, 262, 11);
INSERT INTO lab.inventory (ISBN, inventory_id, school_id) VALUES (54199440, 263, 2);
INSERT INTO lab.inventory (ISBN, inventory_id, school_id) VALUES (85961118, 264, 29);
INSERT INTO lab.inventory (ISBN, inventory_id, school_id) VALUES (58661524, 265, 10);
INSERT INTO lab.inventory (ISBN, inventory_id, school_id) VALUES (55733927, 266, 26);
INSERT INTO lab.inventory (ISBN, inventory_id, school_id) VALUES (80559688, 267, 15);
INSERT INTO lab.inventory (ISBN, inventory_id, school_id) VALUES (67624957, 268, 19);
INSERT INTO lab.inventory (ISBN, inventory_id, school_id) VALUES (23569314, 269, 23);
INSERT INTO lab.inventory (ISBN, inventory_id, school_id) VALUES (74092192, 270, 18);
INSERT INTO lab.inventory (ISBN, inventory_id, school_id) VALUES (32658924, 271, 20);
INSERT INTO lab.inventory (ISBN, inventory_id, school_id) VALUES (20022895, 272, 10);
INSERT INTO lab.inventory (ISBN, inventory_id, school_id) VALUES (57345550, 273, 9);
INSERT INTO lab.inventory (ISBN, inventory_id, school_id) VALUES (53722255, 274, 21);
INSERT INTO lab.inventory (ISBN, inventory_id, school_id) VALUES (10609160, 275, 1);
INSERT INTO lab.inventory (ISBN, inventory_id, school_id) VALUES (45809052, 276, 5);
INSERT INTO lab.inventory (ISBN, inventory_id, school_id) VALUES (79461685, 277, 3);
INSERT INTO lab.inventory (ISBN, inventory_id, school_id) VALUES (95489617, 278, 20);
INSERT INTO lab.inventory (ISBN, inventory_id, school_id) VALUES (87833244, 279, 1);
INSERT INTO lab.inventory (ISBN, inventory_id, school_id) VALUES (42140678, 280, 28);
INSERT INTO lab.inventory (ISBN, inventory_id, school_id) VALUES (95489617, 281, 10);
INSERT INTO lab.inventory (ISBN, inventory_id, school_id) VALUES (27080722, 282, 25);
INSERT INTO lab.inventory (ISBN, inventory_id, school_id) VALUES (74092192, 283, 18);
INSERT INTO lab.inventory (ISBN, inventory_id, school_id) VALUES (57345550, 284, 19);
INSERT INTO lab.inventory (ISBN, inventory_id, school_id) VALUES (98915551, 285, 7);
INSERT INTO lab.inventory (ISBN, inventory_id, school_id) VALUES (68853865, 286, 30);
INSERT INTO lab.inventory (ISBN, inventory_id, school_id) VALUES (83081860, 287, 16);
INSERT INTO lab.inventory (ISBN, inventory_id, school_id) VALUES (70772918, 288, 14);
INSERT INTO lab.inventory (ISBN, inventory_id, school_id) VALUES (75784619, 289, 10);
INSERT INTO lab.inventory (ISBN, inventory_id, school_id) VALUES (10670240, 290, 2);
INSERT INTO lab.inventory (ISBN, inventory_id, school_id) VALUES (91758759, 291, 15);
INSERT INTO lab.inventory (ISBN, inventory_id, school_id) VALUES (59742774, 292, 22);
INSERT INTO lab.inventory (ISBN, inventory_id, school_id) VALUES (44997929, 293, 13);
INSERT INTO lab.inventory (ISBN, inventory_id, school_id) VALUES (85236428, 294, 28);
INSERT INTO lab.inventory (ISBN, inventory_id, school_id) VALUES (97685902, 295, 14);
INSERT INTO lab.inventory (ISBN, inventory_id, school_id) VALUES (69835876, 296, 2);
INSERT INTO lab.inventory (ISBN, inventory_id, school_id) VALUES (97685902, 297, 4);
INSERT INTO lab.inventory (ISBN, inventory_id, school_id) VALUES (69835876, 298, 12);
INSERT INTO lab.inventory (ISBN, inventory_id, school_id) VALUES (88609973, 299, 22);
INSERT INTO lab.inventory (ISBN, inventory_id, school_id) VALUES (29259973, 300, 29);
INSERT INTO lab.inventory (ISBN, inventory_id, school_id) VALUES (85961118, 301, 9);
INSERT INTO lab.inventory (ISBN, inventory_id, school_id) VALUES (54722406, 302, 13);
INSERT INTO lab.inventory (ISBN, inventory_id, school_id) VALUES (29259973, 303, 19);
INSERT INTO lab.inventory (ISBN, inventory_id, school_id) VALUES (95322287, 304, 29);
INSERT INTO lab.inventory (ISBN, inventory_id, school_id) VALUES (85961118, 305, 19);
INSERT INTO lab.inventory (ISBN, inventory_id, school_id) VALUES (69606471, 306, 11);
INSERT INTO lab.inventory (ISBN, inventory_id, school_id) VALUES (99509098, 307, 18);
INSERT INTO lab.inventory (ISBN, inventory_id, school_id) VALUES (96579311, 308, 11);
INSERT INTO lab.inventory (ISBN, inventory_id, school_id) VALUES (99509098, 309, 18);
INSERT INTO lab.inventory (ISBN, inventory_id, school_id) VALUES (14314093, 310, 25);
INSERT INTO lab.inventory (ISBN, inventory_id, school_id) VALUES (10609160, 311, 11);
INSERT INTO lab.inventory (ISBN, inventory_id, school_id) VALUES (39650768, 312, 5);
INSERT INTO lab.inventory (ISBN, inventory_id, school_id) VALUES (89880278, 313, 3);
INSERT INTO lab.inventory (ISBN, inventory_id, school_id) VALUES (44997929, 314, 23);
INSERT INTO lab.inventory (ISBN, inventory_id, school_id) VALUES (27865828, 315, 17);
INSERT INTO lab.inventory (ISBN, inventory_id, school_id) VALUES (79535586, 316, 4);
INSERT INTO lab.inventory (ISBN, inventory_id, school_id) VALUES (39650768, 317, 15);
INSERT INTO lab.inventory (ISBN, inventory_id, school_id) VALUES (42383794, 318, 19);
INSERT INTO lab.inventory (ISBN, inventory_id, school_id) VALUES (69835876, 319, 2);
INSERT INTO lab.inventory (ISBN, inventory_id, school_id) VALUES (65315109, 320, 26);
INSERT INTO lab.inventory (ISBN, inventory_id, school_id) VALUES (27865828, 321, 27);
INSERT INTO lab.inventory (ISBN, inventory_id, school_id) VALUES (17797222, 322, 8);
INSERT INTO lab.inventory (ISBN, inventory_id, school_id) VALUES (88609973, 323, 12);
INSERT INTO lab.inventory (ISBN, inventory_id, school_id) VALUES (97569358, 324, 13);
INSERT INTO lab.inventory (ISBN, inventory_id, school_id) VALUES (27481397, 325, 16);
INSERT INTO lab.inventory (ISBN, inventory_id, school_id) VALUES (39650768, 326, 5);
INSERT INTO lab.inventory (ISBN, inventory_id, school_id) VALUES (45770931, 327, 4);
INSERT INTO lab.inventory (ISBN, inventory_id, school_id) VALUES (29259973, 328, 9);
INSERT INTO lab.inventory (ISBN, inventory_id, school_id) VALUES (18029658, 329, 9);
INSERT INTO lab.inventory (ISBN, inventory_id, school_id) VALUES (44286719, 330, 1);
INSERT INTO lab.inventory (ISBN, inventory_id, school_id) VALUES (74713904, 331, 29);
INSERT INTO lab.inventory (ISBN, inventory_id, school_id) VALUES (70936710, 332, 25);
INSERT INTO lab.inventory (ISBN, inventory_id, school_id) VALUES (39962517, 333, 6);
INSERT INTO lab.inventory (ISBN, inventory_id, school_id) VALUES (53722255, 334, 1);
INSERT INTO lab.inventory (ISBN, inventory_id, school_id) VALUES (69606471, 335, 11);
INSERT INTO lab.inventory (ISBN, inventory_id, school_id) VALUES (55735731, 336, 27);
INSERT INTO lab.inventory (ISBN, inventory_id, school_id) VALUES (65763843, 337, 27);
INSERT INTO lab.inventory (ISBN, inventory_id, school_id) VALUES (32658924, 338, 30);
INSERT INTO lab.inventory (ISBN, inventory_id, school_id) VALUES (62809304, 339, 24);
INSERT INTO lab.inventory (ISBN, inventory_id, school_id) VALUES (62809304, 340, 24);
INSERT INTO lab.inventory (ISBN, inventory_id, school_id) VALUES (84103691, 341, 17);
INSERT INTO lab.inventory (ISBN, inventory_id, school_id) VALUES (96973725, 342, 2);
INSERT INTO lab.inventory (ISBN, inventory_id, school_id) VALUES (87062960, 343, 30);
INSERT INTO lab.inventory (ISBN, inventory_id, school_id) VALUES (54199440, 344, 12);
INSERT INTO lab.inventory (ISBN, inventory_id, school_id) VALUES (18029658, 345, 9);
INSERT INTO lab.inventory (ISBN, inventory_id, school_id) VALUES (92898515, 346, 26);
INSERT INTO lab.inventory (ISBN, inventory_id, school_id) VALUES (17797222, 347, 28);
INSERT INTO lab.inventory (ISBN, inventory_id, school_id) VALUES (10609160, 348, 1);
INSERT INTO lab.inventory (ISBN, inventory_id, school_id) VALUES (39962517, 349, 6);
INSERT INTO lab.inventory (ISBN, inventory_id, school_id) VALUES (35076575, 350, 22);
INSERT INTO lab.inventory (ISBN, inventory_id, school_id) VALUES (94069430, 351, 8);
INSERT INTO lab.inventory (ISBN, inventory_id, school_id) VALUES (87062960, 352, 20);
INSERT INTO lab.inventory (ISBN, inventory_id, school_id) VALUES (74713904, 353, 9);
INSERT INTO lab.inventory (ISBN, inventory_id, school_id) VALUES (65315109, 354, 26);
INSERT INTO lab.inventory (ISBN, inventory_id, school_id) VALUES (91014191, 355, 24);
INSERT INTO lab.inventory (ISBN, inventory_id, school_id) VALUES (43763011, 356, 10);
INSERT INTO lab.inventory (ISBN, inventory_id, school_id) VALUES (35523187, 357, 13);
INSERT INTO lab.inventory (ISBN, inventory_id, school_id) VALUES (12773130, 358, 24);
INSERT INTO lab.inventory (ISBN, inventory_id, school_id) VALUES (50418069, 359, 9);
INSERT INTO lab.inventory (ISBN, inventory_id, school_id) VALUES (55733927, 360, 16);
INSERT INTO lab.inventory (ISBN, inventory_id, school_id) VALUES (54727374, 361, 14);
INSERT INTO lab.inventory (ISBN, inventory_id, school_id) VALUES (53713240, 362, 30);
INSERT INTO lab.inventory (ISBN, inventory_id, school_id) VALUES (39650768, 363, 25);
INSERT INTO lab.inventory (ISBN, inventory_id, school_id) VALUES (57005603, 364, 28);
INSERT INTO lab.inventory (ISBN, inventory_id, school_id) VALUES (62809304, 365, 14);
INSERT INTO lab.inventory (ISBN, inventory_id, school_id) VALUES (15380986, 366, 17);
INSERT INTO lab.inventory (ISBN, inventory_id, school_id) VALUES (20022895, 367, 20);
INSERT INTO lab.inventory (ISBN, inventory_id, school_id) VALUES (42140678, 368, 8);
INSERT INTO lab.inventory (ISBN, inventory_id, school_id) VALUES (98449477, 369, 26);
INSERT INTO lab.inventory (ISBN, inventory_id, school_id) VALUES (95489617, 370, 10);
INSERT INTO lab.inventory (ISBN, inventory_id, school_id) VALUES (99759842, 371, 19);
INSERT INTO lab.inventory (ISBN, inventory_id, school_id) VALUES (48839972, 372, 7);
INSERT INTO lab.inventory (ISBN, inventory_id, school_id) VALUES (44286719, 373, 11);
INSERT INTO lab.inventory (ISBN, inventory_id, school_id) VALUES (70772918, 374, 4);
INSERT INTO lab.inventory (ISBN, inventory_id, school_id) VALUES (42383794, 375, 9);
INSERT INTO lab.inventory (ISBN, inventory_id, school_id) VALUES (85236428, 376, 18);
INSERT INTO lab.inventory (ISBN, inventory_id, school_id) VALUES (59332874, 377, 21);
INSERT INTO lab.inventory (ISBN, inventory_id, school_id) VALUES (54727374, 378, 4);
INSERT INTO lab.inventory (ISBN, inventory_id, school_id) VALUES (35523187, 379, 3);
INSERT INTO lab.inventory (ISBN, inventory_id, school_id) VALUES (17797222, 380, 8);
INSERT INTO lab.inventory (ISBN, inventory_id, school_id) VALUES (99509098, 381, 8);
INSERT INTO lab.inventory (ISBN, inventory_id, school_id) VALUES (53722255, 382, 11);
INSERT INTO lab.inventory (ISBN, inventory_id, school_id) VALUES (14386348, 383, 26);
INSERT INTO lab.inventory (ISBN, inventory_id, school_id) VALUES (63221143, 384, 25);
INSERT INTO lab.inventory (ISBN, inventory_id, school_id) VALUES (68853865, 385, 10);
INSERT INTO lab.inventory (ISBN, inventory_id, school_id) VALUES (78514410, 386, 11);
INSERT INTO lab.inventory (ISBN, inventory_id, school_id) VALUES (99509098, 387, 28);
INSERT INTO lab.inventory (ISBN, inventory_id, school_id) VALUES (95322287, 388, 9);
INSERT INTO lab.inventory (ISBN, inventory_id, school_id) VALUES (54727374, 389, 24);
INSERT INTO lab.inventory (ISBN, inventory_id, school_id) VALUES (99987009, 390, 10);
INSERT INTO lab.inventory (ISBN, inventory_id, school_id) VALUES (35752214, 391, 4);
INSERT INTO lab.inventory (ISBN, inventory_id, school_id) VALUES (27481397, 392, 26);
INSERT INTO lab.inventory (ISBN, inventory_id, school_id) VALUES (50418069, 393, 29);
INSERT INTO lab.inventory (ISBN, inventory_id, school_id) VALUES (79461685, 394, 23);
INSERT INTO lab.inventory (ISBN, inventory_id, school_id) VALUES (87062960, 395, 20);
INSERT INTO lab.inventory (ISBN, inventory_id, school_id) VALUES (35523187, 396, 23);
INSERT INTO lab.inventory (ISBN, inventory_id, school_id) VALUES (33318576, 397, 21);
INSERT INTO lab.inventory (ISBN, inventory_id, school_id) VALUES (74033657, 398, 17);
INSERT INTO lab.inventory (ISBN, inventory_id, school_id) VALUES (97569358, 399, 3);
INSERT INTO lab.inventory (ISBN, inventory_id, school_id) VALUES (55331701, 400, 5);
INSERT INTO lab.inventory (ISBN, inventory_id, school_id) VALUES (59742774, 401, 22);
INSERT INTO lab.inventory (ISBN, inventory_id, school_id) VALUES (70534212, 402, 13);
INSERT INTO lab.inventory (ISBN, inventory_id, school_id) VALUES (53722255, 403, 11);
INSERT INTO lab.inventory (ISBN, inventory_id, school_id) VALUES (79180884, 404, 22);
INSERT INTO lab.inventory (ISBN, inventory_id, school_id) VALUES (49205457, 405, 18);
INSERT INTO lab.inventory (ISBN, inventory_id, school_id) VALUES (35752214, 406, 24);
INSERT INTO lab.inventory (ISBN, inventory_id, school_id) VALUES (44851034, 407, 12);
INSERT INTO lab.inventory (ISBN, inventory_id, school_id) VALUES (17797222, 408, 18);
INSERT INTO lab.inventory (ISBN, inventory_id, school_id) VALUES (20022895, 409, 30);
INSERT INTO lab.inventory (ISBN, inventory_id, school_id) VALUES (12773130, 410, 4);
INSERT INTO lab.inventory (ISBN, inventory_id, school_id) VALUES (61668278, 411, 3);
INSERT INTO lab.inventory (ISBN, inventory_id, school_id) VALUES (75784619, 412, 30);
INSERT INTO lab.inventory (ISBN, inventory_id, school_id) VALUES (58661524, 413, 30);
INSERT INTO lab.inventory (ISBN, inventory_id, school_id) VALUES (89880278, 414, 23);
INSERT INTO lab.inventory (ISBN, inventory_id, school_id) VALUES (45770931, 415, 4);
INSERT INTO lab.inventory (ISBN, inventory_id, school_id) VALUES (66232725, 416, 8);
INSERT INTO lab.inventory (ISBN, inventory_id, school_id) VALUES (65763843, 417, 27);
INSERT INTO lab.inventory (ISBN, inventory_id, school_id) VALUES (67624957, 418, 9);
INSERT INTO lab.inventory (ISBN, inventory_id, school_id) VALUES (65763843, 419, 17);
INSERT INTO lab.inventory (ISBN, inventory_id, school_id) VALUES (27865828, 420, 27);
INSERT INTO lab.inventory (ISBN, inventory_id, school_id) VALUES (85236428, 421, 18);
INSERT INTO lab.inventory (ISBN, inventory_id, school_id) VALUES (18029658, 422, 19);
INSERT INTO lab.inventory (ISBN, inventory_id, school_id) VALUES (44997929, 423, 13);
INSERT INTO lab.inventory (ISBN, inventory_id, school_id) VALUES (14314093, 424, 5);
INSERT INTO lab.inventory (ISBN, inventory_id, school_id) VALUES (99987009, 425, 30);
INSERT INTO lab.inventory (ISBN, inventory_id, school_id) VALUES (99987009, 426, 10);
INSERT INTO lab.inventory (ISBN, inventory_id, school_id) VALUES (45809052, 427, 15);
INSERT INTO lab.inventory (ISBN, inventory_id, school_id) VALUES (48839972, 428, 17);
INSERT INTO lab.inventory (ISBN, inventory_id, school_id) VALUES (14314093, 429, 15);
INSERT INTO lab.inventory (ISBN, inventory_id, school_id) VALUES (68853865, 430, 20);
INSERT INTO lab.inventory (ISBN, inventory_id, school_id) VALUES (95322287, 431, 19);
INSERT INTO lab.inventory (ISBN, inventory_id, school_id) VALUES (20427091, 432, 11);
INSERT INTO lab.inventory (ISBN, inventory_id, school_id) VALUES (92898515, 433, 16);
INSERT INTO lab.inventory (ISBN, inventory_id, school_id) VALUES (47105713, 434, 6);
INSERT INTO lab.inventory (ISBN, inventory_id, school_id) VALUES (96579311, 435, 1);
INSERT INTO lab.inventory (ISBN, inventory_id, school_id) VALUES (97569358, 436, 23);
INSERT INTO lab.inventory (ISBN, inventory_id, school_id) VALUES (69835876, 437, 22);
INSERT INTO lab.inventory (ISBN, inventory_id, school_id) VALUES (61668278, 438, 23);
INSERT INTO lab.inventory (ISBN, inventory_id, school_id) VALUES (94069430, 439, 8);
INSERT INTO lab.inventory (ISBN, inventory_id, school_id) VALUES (73309612, 440, 6);
INSERT INTO lab.inventory (ISBN, inventory_id, school_id) VALUES (75784619, 441, 20);
INSERT INTO lab.inventory (ISBN, inventory_id, school_id) VALUES (79180884, 442, 12);
INSERT INTO lab.inventory (ISBN, inventory_id, school_id) VALUES (27080722, 443, 5);
INSERT INTO lab.inventory (ISBN, inventory_id, school_id) VALUES (25717312, 444, 4);
INSERT INTO lab.inventory (ISBN, inventory_id, school_id) VALUES (70534212, 445, 13);
INSERT INTO lab.inventory (ISBN, inventory_id, school_id) VALUES (84103691, 446, 27);
INSERT INTO lab.inventory (ISBN, inventory_id, school_id) VALUES (63221143, 447, 15);
INSERT INTO lab.inventory (ISBN, inventory_id, school_id) VALUES (55735731, 448, 7);
INSERT INTO lab.inventory (ISBN, inventory_id, school_id) VALUES (10609160, 449, 21);
INSERT INTO lab.inventory (ISBN, inventory_id, school_id) VALUES (20022895, 450, 10);
INSERT INTO lab.inventory (ISBN, inventory_id, school_id) VALUES (54722406, 451, 23);
INSERT INTO lab.inventory (ISBN, inventory_id, school_id) VALUES (74033657, 452, 17);
INSERT INTO lab.inventory (ISBN, inventory_id, school_id) VALUES (25717312, 453, 24);
INSERT INTO lab.inventory (ISBN, inventory_id, school_id) VALUES (10670240, 454, 12);
INSERT INTO lab.inventory (ISBN, inventory_id, school_id) VALUES (73309612, 455, 26);
INSERT INTO lab.inventory (ISBN, inventory_id, school_id) VALUES (10609160, 456, 11);
INSERT INTO lab.inventory (ISBN, inventory_id, school_id) VALUES (74033657, 457, 7);
INSERT INTO lab.inventory (ISBN, inventory_id, school_id) VALUES (91014191, 458, 4);
INSERT INTO lab.inventory (ISBN, inventory_id, school_id) VALUES (57345550, 459, 19);
INSERT INTO lab.inventory (ISBN, inventory_id, school_id) VALUES (74092192, 460, 28);
INSERT INTO lab.inventory (ISBN, inventory_id, school_id) VALUES (58661524, 461, 30);
INSERT INTO lab.inventory (ISBN, inventory_id, school_id) VALUES (35523187, 462, 23);
INSERT INTO lab.inventory (ISBN, inventory_id, school_id) VALUES (57005603, 463, 18);
INSERT INTO lab.inventory (ISBN, inventory_id, school_id) VALUES (35752214, 464, 24);
INSERT INTO lab.inventory (ISBN, inventory_id, school_id) VALUES (92987181, 465, 7);
INSERT INTO lab.inventory (ISBN, inventory_id, school_id) VALUES (89880278, 466, 13);
INSERT INTO lab.inventory (ISBN, inventory_id, school_id) VALUES (96973725, 467, 12);
INSERT INTO lab.inventory (ISBN, inventory_id, school_id) VALUES (83081860, 468, 16);
INSERT INTO lab.inventory (ISBN, inventory_id, school_id) VALUES (65315109, 469, 16);
INSERT INTO lab.inventory (ISBN, inventory_id, school_id) VALUES (12773130, 470, 4);
INSERT INTO lab.inventory (ISBN, inventory_id, school_id) VALUES (27481397, 471, 16);
INSERT INTO lab.inventory (ISBN, inventory_id, school_id) VALUES (75784619, 472, 20);
INSERT INTO lab.inventory (ISBN, inventory_id, school_id) VALUES (96973725, 473, 12);
INSERT INTO lab.inventory (ISBN, inventory_id, school_id) VALUES (45809052, 474, 5);
INSERT INTO lab.inventory (ISBN, inventory_id, school_id) VALUES (70534212, 475, 3);
INSERT INTO lab.inventory (ISBN, inventory_id, school_id) VALUES (66232725, 476, 28);
INSERT INTO lab.inventory (ISBN, inventory_id, school_id) VALUES (97905599, 477, 15);
INSERT INTO lab.inventory (ISBN, inventory_id, school_id) VALUES (22846177, 478, 12);
INSERT INTO lab.inventory (ISBN, inventory_id, school_id) VALUES (68853865, 479, 30);
INSERT INTO lab.inventory (ISBN, inventory_id, school_id) VALUES (70936710, 480, 5);
INSERT INTO lab.inventory (ISBN, inventory_id, school_id) VALUES (11154518, 481, 3);
INSERT INTO lab.inventory (ISBN, inventory_id, school_id) VALUES (45770931, 482, 24);
INSERT INTO lab.inventory (ISBN, inventory_id, school_id) VALUES (70772918, 483, 14);
INSERT INTO lab.inventory (ISBN, inventory_id, school_id) VALUES (91758759, 484, 25);
INSERT INTO lab.inventory (ISBN, inventory_id, school_id) VALUES (42383794, 485, 29);
INSERT INTO lab.inventory (ISBN, inventory_id, school_id) VALUES (66232725, 486, 18);
INSERT INTO lab.inventory (ISBN, inventory_id, school_id) VALUES (62809304, 487, 4);
INSERT INTO lab.inventory (ISBN, inventory_id, school_id) VALUES (41290025, 488, 17);
INSERT INTO lab.inventory (ISBN, inventory_id, school_id) VALUES (67624957, 489, 29);
INSERT INTO lab.inventory (ISBN, inventory_id, school_id) VALUES (99509098, 490, 8);
INSERT INTO lab.inventory (ISBN, inventory_id, school_id) VALUES (41290025, 491, 27);
INSERT INTO lab.inventory (ISBN, inventory_id, school_id) VALUES (70936710, 492, 15);
INSERT INTO lab.inventory (ISBN, inventory_id, school_id) VALUES (45770931, 493, 14);
INSERT INTO lab.inventory (ISBN, inventory_id, school_id) VALUES (22846177, 494, 22);
INSERT INTO lab.inventory (ISBN, inventory_id, school_id) VALUES (27080722, 495, 15);
INSERT INTO lab.inventory (ISBN, inventory_id, school_id) VALUES (35752214, 496, 4);
INSERT INTO lab.inventory (ISBN, inventory_id, school_id) VALUES (99759842, 497, 29);
INSERT INTO lab.inventory (ISBN, inventory_id, school_id) VALUES (49205457, 498, 8);
INSERT INTO lab.inventory (ISBN, inventory_id, school_id) VALUES (87833244, 499, 1);
INSERT INTO lab.inventory (ISBN, inventory_id, school_id) VALUES (20427091, 500, 21);

-- user insert
INSERT INTO lab.user (username, password, first_name, last_name, address, email, status, phone_number, school_id) VALUES ('oma79', '061e5dd3d3283c3fe3e784a66fdd3f127a3be231', 'Stephania', 'Howell', '4693 Fay Lane East Skylarburgh, MA 07590', 'amir72@example.net', 'admin', '(587)450-7163x616', 1);
INSERT INTO lab.user (username, password, first_name, last_name, address, email, status, phone_number, school_id) VALUES ('fhaley', '8bb0de124ba83bd0d541385585378bb930a56016', 'Lamont', 'Considine', '16507 Cleve Shore West Florence, DE 41718', 'libby.hintz@example.com', 'user', '1-598-363-1477x88573', 1);
INSERT INTO lab.user (username, password, first_name, last_name, address, email, status, phone_number, school_id) VALUES ('stan.morar', '13acdad9803af378171147488f0b6fa59b1cdf0c', 'Greta', 'Weber', '0714 Naomi Run West Terrell, NH 03433', 'estel.farrell@example.com', 'operator', '698.056.1519', 1);
INSERT INTO lab.user (username, password, first_name, last_name, address, email, status, phone_number, school_id) VALUES ('renner.hermann', 'ed27842278ace7857b624ba9be172937b6b0d9a3', 'Ramiro', 'Denesik', '30586 Ashtyn Fords Apt. 983 West Belle, CT 93352', 'ward.johanna@example.com', 'user', '809-727-5527x5087', 1);
INSERT INTO lab.user (username, password, first_name, last_name, address, email, status, phone_number, school_id) VALUES ('keely49', '309cb7821bb8e41441bbdb2c2979988dcd786942', 'Helen', 'Koepp', '87261 Gleichner Grove Suite 475 Smithamfort, AL 75313', 'wiegand.alexanne@example.com', 'operator', '+07(8)0447148953', 2);
INSERT INTO lab.user (username, password, first_name, last_name, address, email, status, phone_number, school_id) VALUES ('ahackett', 'aee502084f34eaf63337987f180aeea379db846f', 'Albin', 'Ortiz', '630 Dandre Creek Elizaberg, ND 29738-0083', 'gpurdy@example.org', 'user', '1-000-977-4770x81412', 2);
INSERT INTO lab.user (username, password, first_name, last_name, address, email, status, phone_number, school_id) VALUES ('kling.rafael', 'da729fc03c7ee7332488764f5ed1c1833955c38e', 'Rosemarie', 'Spencer', '110 Gorczany Prairie Apt. 187 Odieview, FL 27986', 'paris78@example.net', 'user', '+34(6)5815860368', 2);
INSERT INTO lab.user (username, password, first_name, last_name, address, email, status, phone_number, school_id) VALUES ('leora.runolfsson', 'e3c7a20fda613a4e209d23b4770061621f7194a3', 'Shawna', 'Lakin', '6724 Kaden Mews Kuhicland, WV 94544-9123', 'bogan.dora@example.net', 'user', '09698280247', 2);
INSERT INTO lab.user (username, password, first_name, last_name, address, email, status, phone_number, school_id) VALUES ('hbartoletti', '991f124fcd20573c459db9fd92c2c3e4081477e2', 'Virginia', 'Christiansen', '1425 Felipe Trail Suite 200 South Shyanne, SC 10845-4635', 'ghills@example.net', 'operator', '631-812-8167', 3);
INSERT INTO lab.user (username, password, first_name, last_name, address, email, status, phone_number, school_id) VALUES ('muller.pearl', 'b2115eb22763fc02d596f47b0881b1bb218e36a7', 'Jordane', 'Zboncak', '2750 Corwin Harbors Port Hudsonstad, KY 73254-6849', 'hlittel@example.org', 'user', '1-101-030-0398x1238', 3);
INSERT INTO lab.user (username, password, first_name, last_name, address, email, status, phone_number, school_id) VALUES ('wolff.madisyn', '0a235d236becdc031d28d5e6d6f8167a1f3d6b60', 'Magdalen', 'Boyle', '11920 Brandi Ford Port Pablomouth, NM 67857-0659', 'shields.baron@example.org', 'user', '(694)335-2058x6934', 3);
INSERT INTO lab.user (username, password, first_name, last_name, address, email, status, phone_number, school_id) VALUES ('dickinson.tatyana', '5280a89f2a5872096c1074f95bcba4fd30b23202', 'Immanuel', 'Nolan', '923 Alfonzo Fort Apt. 762 Harrisborough, DE 58835', 'ckulas@example.com', 'user', '027.078.7366x7393', 3);
INSERT INTO lab.user (username, password, first_name, last_name, address, email, status, phone_number, school_id) VALUES ('prince74', '95b06a689c3a74cdcc6282e8d102a7bb25bbb81d', 'Ressie', 'Rodriguez', '2778 Schultz Rest Port Rashawnhaven, OR 39193', 'ritchie.vivien@example.net', 'operator', '1-446-629-3249x9239', 4);
INSERT INTO lab.user (username, password, first_name, last_name, address, email, status, phone_number, school_id) VALUES ('adah.bins', 'e125bb665421d423feb9848602b2c820c92a24ce', 'Walker', 'Mills', '021 Wendy Mill West Kristina, MT 41316', 'fspencer@example.net', 'user', '645.607.0157', 4);
INSERT INTO lab.user (username, password, first_name, last_name, address, email, status, phone_number, school_id) VALUES ('ryan.mario', '654a5bd2283529a442d5be40e3f205329dd59890', 'Trevion', 'Hagenes', '837 Hailee Point Suite 529 Lake Fannie, CT 17442', 'maggie44@example.net', 'user', '(959)344-5829x9656', 4);
INSERT INTO lab.user (username, password, first_name, last_name, address, email, status, phone_number, school_id) VALUES ('kub.daniela', 'bb11e73e48e25420836d743c4675d76df4ad031c', 'Laurianne', 'Hoppe', '69211 Erdman Locks Charleshaven, NY 00501', 'zwyman@example.org', 'user', '088.031.0290', 4);
INSERT INTO lab.user (username, password, first_name, last_name, address, email, status, phone_number, school_id) VALUES ('yfahey', 'c1dc6fe0c9d1b603d882c1ebe639b5e4290eae90', 'Kiel', 'Marquardt', '7049 Delaney Greens Apt. 151 West Giovanniberg, CT 94068-7937', 'carley.douglas@example.org', 'operator', '03010654099', 5);
INSERT INTO lab.user (username, password, first_name, last_name, address, email, status, phone_number, school_id) VALUES ('zane77', 'ce53a7867955de8f4c4d31b717f872a2ee94ab00', 'Clair', 'Walsh', '83975 Turcotte Loop North Rosalindaborough, NH 92538-9915', 'prohaska.adrienne@example.net', 'user', '1-755-750-9137x56533', 5);
INSERT INTO lab.user (username, password, first_name, last_name, address, email, status, phone_number, school_id) VALUES ('ispinka', '9267609413997b644dd2e2e42bede4af04d33241', 'Norbert', 'Lubowitz', '574 Pacocha Viaduct Suite 248 North Astridfort, MN 13190-5938', 'lbrakus@example.net', 'user', '(281)868-5611', 5);
INSERT INTO lab.user (username, password, first_name, last_name, address, email, status, phone_number, school_id) VALUES ('pearline65', '4d878e8705fe6672975331c68740ef96666581bf', 'Elva', 'Schmeler', '55105 Marcus Square Port Samanta, AR 11013', 'hattie.treutel@example.org', 'user', '06591027209', 5);
INSERT INTO lab.user (username, password, first_name, last_name, address, email, status, phone_number, school_id) VALUES ('lane49', '346755a885f3e6e391a2808963fe57fadec039fb', 'Adrien', 'Doyle', '894 Bernier Inlet Kamronhaven, IN 49545-4656', 'astrid75@example.org', 'operator', '1-650-373-7778x4609', 6);
INSERT INTO lab.user (username, password, first_name, last_name, address, email, status, phone_number, school_id) VALUES ('casimer99', '5da839a5c0d116eacdeebf01be8c1470b25c52df', 'Melvina', 'O\'Conner', '93419 Waters Drive Suite 158 Kuhnstad, MD 85571-4855', 'kunde.cassandra@example.net', 'user', '1-150-047-0220x63059', 6);
INSERT INTO lab.user (username, password, first_name, last_name, address, email, status, phone_number, school_id) VALUES ('welch.ariel', 'feb1f49790c07d1e9ff76946fc979bf3693408d4', 'Annette', 'Beahan', '297 Lue Square Apt. 676 Miltonburgh, ME 32367-7306', 'ajacobson@example.net', 'user', '01113090223', 6);
INSERT INTO lab.user (username, password, first_name, last_name, address, email, status, phone_number, school_id) VALUES ('pfeffer.elliot', '86b8214814b252ecafa3a427f6556e0dea25d872', 'Heidi', 'Marvin', '83980 Furman Street Suite 553 West Ileneville, SC 28653-7809', 'uriel01@example.org', 'user', '436-611-5465', 6);
INSERT INTO lab.user (username, password, first_name, last_name, address, email, status, phone_number, school_id) VALUES ('jason30', 'f9177bb2b99c379cd11bcd4a406d177a8490e7ae', 'Lulu', 'Altenwerth', '4658 Rashawn Knoll Suite 418 Emmerichfort, ID 06827-7343', 'hunter.corkery@example.net', 'operator', '(032)397-9603x05193', 7);
INSERT INTO lab.user (username, password, first_name, last_name, address, email, status, phone_number, school_id) VALUES ('goyette.anika', '0dccae54e339a488f145741440cbe3306f04c40d', 'Erin', 'Farrell', '438 Reichel Terrace West Myrtie, CA 46513-3028', 'bode.nick@example.net', 'user', '970.206.9225', 7);
INSERT INTO lab.user (username, password, first_name, last_name, address, email, status, phone_number, school_id) VALUES ('margot.maggio', '2754565793c0aa845888933c08b5a9a6e192cb0e', 'Alyson', 'Rohan', '7536 Mraz Expressway Flavieburgh, WY 52751', 'chelsea.wintheiser@example.org', 'user', '(416)102-0631', 7);
INSERT INTO lab.user (username, password, first_name, last_name, address, email, status, phone_number, school_id) VALUES ('dominique.mcclure', 'd128707b7e1eff7446c74e204925251afa9fc08c', 'Anais', 'Bernhard', '593 Kutch Shoals Apt. 955 Lake Joannetown, MI 15953', 'aditya80@example.com', 'user', '157-043-7749x875', 7);
INSERT INTO lab.user (username, password, first_name, last_name, address, email, status, phone_number, school_id) VALUES ('gage78', 'b65ea807d34e970b896524207cfe3a1a7599d3a4', 'Bernadette', 'Towne', '26668 Boyle Street East Kasey, NV 20140-5658', 'efeest@example.net', 'operator', '486-725-6138x584', 8);
INSERT INTO lab.user (username, password, first_name, last_name, address, email, status, phone_number, school_id) VALUES ('aosinski', '61f5484c4c8035a7be22994fbeabfad347b332dc', 'Lyda', 'Skiles', '208 Cyril Viaduct Suite 824 Brannonfurt, KS 98356', 'ernestine.herman@example.org', 'user', '+76(0)9377719298', 8);
INSERT INTO lab.user (username, password, first_name, last_name, address, email, status, phone_number, school_id) VALUES ('darius27', '42b8a98ac9ca4c8c04c34fdbe902df9578b975cb', 'Rosetta', 'Gulgowski', '4090 Lucienne Burgs West Blake, AR 63923', 'bartell.oswaldo@example.org', 'user', '(393)490-1137', 8);
INSERT INTO lab.user (username, password, first_name, last_name, address, email, status, phone_number, school_id) VALUES ('langosh.jefferey', '90f6c18990eb5b50107f190a235d60a7642d7f27', 'Bryana', 'West', '01388 Gerlach Well Port Randyfort, CT 13853', 'coralie32@example.com', 'user', '879.981.1064x20934', 8);
INSERT INTO lab.user (username, password, first_name, last_name, address, email, status, phone_number, school_id) VALUES ('ckirlin', 'fb790502891582fe6b3bf64327bda08d46dfeb6a', 'Reece', 'Price', '03330 Welch Walks Lake Hiramland, OK 30312', 'daphney.rempel@example.com', 'operator', '(569)781-5883x85376', 9);
INSERT INTO lab.user (username, password, first_name, last_name, address, email, status, phone_number, school_id) VALUES ('myra.howe', '854eb394124ea01c1472642564d735e45c17d342', 'Presley', 'Monahan', '50978 Lucile Canyon Suite 965 Lake Genefort, CA 64928', 'hickle.arlie@example.com', 'user', '1-496-090-5000', 9);
INSERT INTO lab.user (username, password, first_name, last_name, address, email, status, phone_number, school_id) VALUES ('econsidine', '7515a37e126babb96f2b448ec68367d42c4c3bcc', 'Tania', 'Mohr', '216 Franecki Villages South Wilbert, NE 39730-5695', 'golda.jacobs@example.org', 'user', '060-875-2921x156', 9);
INSERT INTO lab.user (username, password, first_name, last_name, address, email, status, phone_number, school_id) VALUES ('warren.grimes', '6b3f8c9d2b6aab8b351a3fef1894092a43267e1d', 'Matilda', 'King', '661 Genesis Dam East Guiseppe, MT 95704', 'gaylord.shayne@example.org', 'user', '(736)290-4425', 9);
INSERT INTO lab.user (username, password, first_name, last_name, address, email, status, phone_number, school_id) VALUES ('wilfredo06', 'c28c3f2b3f37013eb8ee9e1ee54640567c04f84d', 'Eudora', 'Schinner', '250 Ransom Fall Apt. 473 New Buddy, MS 43977', 'von.buddy@example.org', 'operator', '1-548-695-2097x17998', 10);
INSERT INTO lab.user (username, password, first_name, last_name, address, email, status, phone_number, school_id) VALUES ('runte.jaime', 'dc7b6db4781adc56eac6b99b0604538733ab46b2', 'Tomas', 'Schaefer', '1231 O\'Conner Points Abshirechester, MD 43446-7099', 'bwolf@example.org', 'user', '1-501-068-0866x954', 10);
INSERT INTO lab.user (username, password, first_name, last_name, address, email, status, phone_number, school_id) VALUES ('kelley.hayes', 'b223bbb110ca4a5703b97487a9b89bc501816b2d', 'Izabella', 'Gibson', '5974 Konopelski Turnpike Angelastad, CT 69946-4500', 'rnienow@example.com', 'user', '1-137-356-2580', 10);
INSERT INTO lab.user (username, password, first_name, last_name, address, email, status, phone_number, school_id) VALUES ('jennifer.cormier', 'c6d502877da9737748aa64a47a7441f0a3619c8d', 'Shad', 'Kris', '6422 Jackeline View South Narcisoburgh, MT 26499', 'karley.rodriguez@example.org', 'user', '647.462.8302', 10);
INSERT INTO lab.user (username, password, first_name, last_name, address, email, status, phone_number, school_id) VALUES ('zack37', '7889bf85af3e5f90ff94e1c365b9c5ac33119a32', 'Karley', 'Dickinson', '77968 Kamille Terrace Connfort, ID 20861-6127', 'felicita37@example.com', 'operator', '415-649-9967x23708', 11);
INSERT INTO lab.user (username, password, first_name, last_name, address, email, status, phone_number, school_id) VALUES ('kevon42', 'ecaa11b995e4e39cfc4bc0a5d0e39259b99da507', 'Vinnie', 'Fadel', '292 Kunde Pass Apt. 533 Lake Damaris, MO 46181', 'bednar.melissa@example.org', 'user', '06623412072', 11);
INSERT INTO lab.user (username, password, first_name, last_name, address, email, status, phone_number, school_id) VALUES ('wstroman', '07706713ef62ca7bf795277c260e25b651667b0a', 'Aron', 'Mitchell', '954 Delfina Lane Apt. 878 Dayanatown, RI 44769-5821', 'ykonopelski@example.org', 'user', '803-252-5652x13797', 11);
INSERT INTO lab.user (username, password, first_name, last_name, address, email, status, phone_number, school_id) VALUES ('vcrona', '9acb0c72a78a009c47c19b1e9d98ebc71d2d8d0b', 'Cesar', 'Lowe', '7662 Rosenbaum Pass Suite 444 Haagmouth, DC 15774-4577', 'webster.kshlerin@example.org', 'operator', '1-323-619-1610', 12);
INSERT INTO lab.user (username, password, first_name, last_name, address, email, status, phone_number, school_id) VALUES ('hkassulke', 'b60765f83a39134713ed36a371f5b4192c2b40a7', 'Fanny', 'Waelchi', '1028 Bahringer Expressway Ornfort, GA 48153', 'jkemmer@example.net', 'user', '992-961-9278x677', 12);
INSERT INTO lab.user (username, password, first_name, last_name, address, email, status, phone_number, school_id) VALUES ('douglas.kian', 'a5efcf458af1c9b84f915d4775ac82a0ce69954a', 'Jorge', 'Rogahn', '19690 Kris Centers South Triston, NM 03198', 'nkohler@example.com', 'user', '941-709-0869', 12);
INSERT INTO lab.user (username, password, first_name, last_name, address, email, status, phone_number, school_id) VALUES ('arden82', 'eea8b998072279031ed7c3c04aa234ea197ba31e', 'Oren', 'Sawayn', '20947 Kilback Branch Apt. 293 New May, ME 16586', 'xblick@example.com', 'operator', '081.160.6206x702', 13);
INSERT INTO lab.user (username, password, first_name, last_name, address, email, status, phone_number, school_id) VALUES ('elmore75', '92e68867bf56e7408bba4088af184520583e5e47', 'Natalie', 'Bayer', '3500 Theresia Ramp New Aureliatown, CA 92277-3533', 'salma.schimmel@example.org', 'user', '883.085.6054', 13);
INSERT INTO lab.user (username, password, first_name, last_name, address, email, status, phone_number, school_id) VALUES ('mayer.danny', 'ee2a138f3aa6c84c32c9224bb8d49f0ac8d070ef', 'Stella', 'Braun', '064 Arielle Path Apt. 845 Dietrichland, TX 39823', 'btromp@example.net', 'user', '03692848136', 13);
INSERT INTO lab.user (username, password, first_name, last_name, address, email, status, phone_number, school_id) VALUES ('cordell66', 'ca382398df9ce8777201a807c0b33973f7c8cc4f', 'Dock', 'Gislason', '76739 Witting Stream Amberville, UT 83784', 'bmedhurst@example.com', 'operator', '1-645-200-2233x866', 14);
INSERT INTO lab.user (username, password, first_name, last_name, address, email, status, phone_number, school_id) VALUES ('easton.skiles', '1e65a3782bf70a6f2591a154191c59c1b200e7ee', 'Bennie', 'Collier', '99178 Delpha Fall Suite 982 Gaylechester, MN 12269', 'winston36@example.com', 'user', '03245604135', 14);
INSERT INTO lab.user (username, password, first_name, last_name, address, email, status, phone_number, school_id) VALUES ('gibson.annalise', 'd98656397b553c16b307467195661b8a37b505c0', 'Verda', 'Kreiger', '71346 Khalid Roads New Brigitte, PA 20678', 'mraz.viviane@example.net', 'user', '(911)554-8354', 14);
INSERT INTO lab.user (username, password, first_name, last_name, address, email, status, phone_number, school_id) VALUES ('tbechtelar', '41f74e4008e23a8a976bef0eaa9b3243d8ac33a9', 'Neoma', 'Hilll', '187 Kemmer Landing Apt. 049 Graysonland, MA 45747-8380', 'adelia68@example.net', 'operator', '(339)469-3962', 15);
INSERT INTO lab.user (username, password, first_name, last_name, address, email, status, phone_number, school_id) VALUES ('murray.tatum', '103fb7e58947211d612c8610ab46d27c178ed666', 'Amelia', 'McKenzie', '020 Rodriguez Cape Padbergborough, FL 64439', 'eloisa.hauck@example.net', 'user', '888.608.9268', 15);
INSERT INTO lab.user (username, password, first_name, last_name, address, email, status, phone_number, school_id) VALUES ('sanford.rebekah', 'b23dba84bcd752eae4fff800cb7d6384fa3d9b9e', 'Frieda', 'Frami', '94149 Estevan Points Suite 262 Karolannside, CA 40167', 'waters.adelle@example.org', 'user', '601-653-5412', 15);
INSERT INTO lab.user (username, password, first_name, last_name, address, email, status, phone_number, school_id) VALUES ('qd\'amore', 'b0ea7c242d1d29f928e4d6b41c1f546ed1245cb6', 'Kelvin', 'Windler', '717 Rolfson Island Suite 195 Harberton, KY 45603', 'elesch@example.org', 'operator', '562.880.4974x74932', 16);
INSERT INTO lab.user (username, password, first_name, last_name, address, email, status, phone_number, school_id) VALUES ('dbashirian', 'b775db58bd0b2f2b72231303fc1bb36209338e5c', 'Bobbie', 'Reilly', '3946 Murphy Pine Apt. 203 Walterhaven, IA 13264-6813', 'neva70@example.net', 'user', '1-928-312-1252x915', 16);
INSERT INTO lab.user (username, password, first_name, last_name, address, email, status, phone_number, school_id) VALUES ('marisol.brekke', '158fdfb9750c0b664514e34ff5462792cb70e98f', 'Kattie', 'Cormier', '04835 Erna Port Apt. 426 Ondrickaside, IA 38597-5338', 'ymccullough@example.net', 'user', '1-940-816-8342x810', 16);
INSERT INTO lab.user (username, password, first_name, last_name, address, email, status, phone_number, school_id) VALUES ('elias32', 'd183d548c28d63d812072bd2a36a6f431af98cfa', 'Idell', 'Turner', '543 O\'Connell Spring Port Duaneville, TN 69169-4792', 'beth55@example.org', 'operator', '1-816-566-9170x019', 17);
INSERT INTO lab.user (username, password, first_name, last_name, address, email, status, phone_number, school_id) VALUES ('barrett13', 'b90c0c360a5086fedca1828e78aec5dc24c396ef', 'Amari', 'Tromp', '6583 Leila Orchard Port Dallas, NE 91586-2367', 'kaci31@example.net', 'user', '03322363357', 17);
INSERT INTO lab.user (username, password, first_name, last_name, address, email, status, phone_number, school_id) VALUES ('lee.stiedemann', '471eeea47eaab616a932fad7adcedd5bf86f7690', 'Juliet', 'Keeling', '542 Fermin Islands Altenwerthville, NM 22625-3331', 'kieran.gerhold@example.com', 'user', '+21(0)7560942168', 17);
INSERT INTO lab.user (username, password, first_name, last_name, address, email, status, phone_number, school_id) VALUES ('hanna28', '8a4373b10626d99d0df4b20fabf92664cbdfffe5', 'Octavia', 'Nikolaus', '650 Langworth Forest Suite 215 Lake Marshall, VA 50048-5654', 'graciela95@example.com', 'operator', '1-940-564-7510x162', 18);
INSERT INTO lab.user (username, password, first_name, last_name, address, email, status, phone_number, school_id) VALUES ('gordon49', '5855a7cc3b70d6036898578329616c94a8b7394d', 'Lizzie', 'Bauch', '5788 Leonardo Junctions Millermouth, VT 75545', 'will31@example.com', 'user', '488.104.4583', 18);
INSERT INTO lab.user (username, password, first_name, last_name, address, email, status, phone_number, school_id) VALUES ('carter.hanna', '35ddd06313049b35fb63f70e4682fe5988960b95', 'Brown', 'Haag', '7409 Sipes Divide Suite 103 Okunevaberg, MN 09106-4355', 'christian.mante@example.net', 'user', '1-747-297-7080', 18);
INSERT INTO lab.user (username, password, first_name, last_name, address, email, status, phone_number, school_id) VALUES ('josh93', '77349518a0dc22e2fc55fa45518fbb2283954564', 'Lorena', 'Purdy', '191 Mackenzie Extensions Port Dellamouth, IL 36325', 'einar16@example.net', 'operator', '364.325.1253x007', 19);
INSERT INTO lab.user (username, password, first_name, last_name, address, email, status, phone_number, school_id) VALUES ('padberg.walton', '837d915f58e780167311c53f9cde91eb1aee627b', 'Dovie', 'Emard', '99141 West Valley Suite 543 West Gretchentown, WI 33500-3416', 'fparisian@example.net', 'user', '516.049.4252', 19);
INSERT INTO lab.user (username, password, first_name, last_name, address, email, status, phone_number, school_id) VALUES ('simonis.brionna', '862a08559158b47fda07e4d3a74314d959d08e08', 'Tyrel', 'Gerhold', '4186 Josue Stream Alvaland, MI 78221-6854', 'derek76@example.net', 'user', '+51(6)8510951852', 19);
INSERT INTO lab.user (username, password, first_name, last_name, address, email, status, phone_number, school_id) VALUES ('qmaggio', 'ce8bbb60ae33b5f171fbac4ed86c0f839b775494', 'Martin', 'Lang', '8147 Casper Hills Apt. 969 Carrollberg, UT 02406-8424', 'laurianne18@example.com', 'operator', '764.718.3141x5937', 20);
INSERT INTO lab.user (username, password, first_name, last_name, address, email, status, phone_number, school_id) VALUES ('abe.reinger', '4ecb8e0923dd2fbd04fea7eef7612a70ff3ed83a', 'Lilian', 'Barton', '580 Goodwin Avenue New Jonathan, IL 95255-6579', 'marshall.pagac@example.com', 'user', '(537)364-4506', 20);
INSERT INTO lab.user (username, password, first_name, last_name, address, email, status, phone_number, school_id) VALUES ('yost.barrett', 'ab9220a13ea38056fab43475c155ca1d1c112083', 'Halie', 'Howe', '508 Hillary Haven Suite 504 Woodrowfurt, NM 84681', 'medhurst.easter@example.org', 'user', '(769)705-9204', 20);
INSERT INTO lab.user (username, password, first_name, last_name, address, email, status, phone_number, school_id) VALUES ('pcorwin', '9eda63e7d93b6f7d292ba3dd22f495ce4f221ada', 'Felipe', 'Feeney', '0337 Amanda Pike Apt. 791 Port Ara, MS 78877', 'marcella46@example.net', 'operator', '1-943-492-3049x1659', 21);
INSERT INTO lab.user (username, password, first_name, last_name, address, email, status, phone_number, school_id) VALUES ('barney46', 'bd52faf0cf39da9327671d6da928e4d4e8ff6a7f', 'Jermain', 'Howe', '0164 Forest Plains Apt. 129 Raoulview, HI 08947-7779', 'proob@example.net', 'user', '1-215-664-9261x349', 21);
INSERT INTO lab.user (username, password, first_name, last_name, address, email, status, phone_number, school_id) VALUES ('santino20', 'b5f749eb7a8a2f35c941499b948816204f9663ee', 'Floy', 'Halvorson', '60101 Kihn Road Apt. 206 Lake Colleen, IA 48039', 'rboehm@example.net', 'user', '011.314.1363x389', 21);
INSERT INTO lab.user (username, password, first_name, last_name, address, email, status, phone_number, school_id) VALUES ('tiara.schmidt', '079cee268ad9f658509f804f3191a6db2a7d2310', 'Caesar', 'Beatty', '3367 Hilll Trafficway Hansenfurt, TN 10525-8596', 'hand.geraldine@example.com', 'operator', '238-446-3132', 22);
INSERT INTO lab.user (username, password, first_name, last_name, address, email, status, phone_number, school_id) VALUES ('wilbert.strosin', '6ed997bdb7219ed3fdf4e9da53b7eb314fd82f90', 'Elisa', 'Hammes', '3412 Moore Squares Waelchishire, IN 70523-0530', 'nfritsch@example.net', 'user', '1-142-150-9724x937', 22);
INSERT INTO lab.user (username, password, first_name, last_name, address, email, status, phone_number, school_id) VALUES ('tamara.buckridge', '80c54ba4752eb1821aac021b283e168af95808d2', 'Nick', 'Macejkovic', '844 Ardella Trace Gregoriaport, NY 16317-9603', 'lgusikowski@example.com', 'user', '542-502-3735', 22);
INSERT INTO lab.user (username, password, first_name, last_name, address, email, status, phone_number, school_id) VALUES ('nhermiston', '5db5b26c2005a26e983763f59ac9e2405a664b35', 'Robbie', 'Haag', '00066 Sonya Well Sauerhaven, VA 70194', 'lkautzer@example.org', 'operator', '(009)774-2250x868', 23);
INSERT INTO lab.user (username, password, first_name, last_name, address, email, status, phone_number, school_id) VALUES ('savanna.o\'connell', '91551cd198232fe9aa890f8185c2b681b496e66d', 'Afton', 'Skiles', '184 Heathcote Lodge Suite 964 South Aditya, NJ 32285-3134', 'margarita.keebler@example.com', 'user', '+08(5)1732298508', 23);
INSERT INTO lab.user (username, password, first_name, last_name, address, email, status, phone_number, school_id) VALUES ('valentina.konopelski', '9d453831b8c19b1f8e33988cf2cf259cb1866d7b', 'Kenton', 'Cassin', '5494 Macejkovic Plain Collinsside, KS 31344-8092', 'srunte@example.net', 'user', '357-468-2548x031', 23);
INSERT INTO lab.user (username, password, first_name, last_name, address, email, status, phone_number, school_id) VALUES ('blake46', 'bc4c9c5d93dd46126a397d102567b322acc56f55', 'Retha', 'Price', '8292 Cremin Oval Port Johathanburgh, OK 93086', 'schroeder.desmond@example.org', 'operator', '1-486-936-9958x6656', 24);
INSERT INTO lab.user (username, password, first_name, last_name, address, email, status, phone_number, school_id) VALUES ('aarmstrong', '5c11d39ce4322b4b3bb6c7aed0807ab2b46cf531', 'Alexandro', 'Herman', '48354 Bosco Course Apt. 888 Reillytown, SD 71522-8800', 'conor20@example.net', 'user', '523.310.4015', 24);
INSERT INTO lab.user (username, password, first_name, last_name, address, email, status, phone_number, school_id) VALUES ('wunsch.daniela', '570b81c631e07ba7d8c679436f35f8b8069fbcfc', 'Houston', 'Stiedemann', '4522 Domenica Squares Marianaton, ID 55243-6820', 'sleannon@example.com', 'user', '1-133-342-7397', 24);
INSERT INTO lab.user (username, password, first_name, last_name, address, email, status, phone_number, school_id) VALUES ('mernser', '06696f3d457d8f2a0be901fe2e6454cd2aa73c41', 'Tiffany', 'Leffler', '27852 Morissette Walks East Ashlynn, NH 40706-1190', 'wanda50@example.net', 'operator', '612-449-7742', 25);
INSERT INTO lab.user (username, password, first_name, last_name, address, email, status, phone_number, school_id) VALUES ('donavon39', 'ab219cae60dc40257108e5d7af08fa9ce76696a5', 'Virginie', 'Howe', '60108 Cristian Orchard Suite 441 Bereniceview, PA 09797', 'nathen.gulgowski@example.net', 'user', '804-256-6710x89150', 25);
INSERT INTO lab.user (username, password, first_name, last_name, address, email, status, phone_number, school_id) VALUES ('bogisich.corbin', 'b89d0e4bb0a61d9d9988c5dc9708b0fef2aeb021', 'Royce', 'Wolff', '919 Waters Drive West Rhodaborough, RI 74599-8536', 'gerlach.jerel@example.com', 'user', '647-640-2791x9384', 25);
INSERT INTO lab.user (username, password, first_name, last_name, address, email, status, phone_number, school_id) VALUES ('rkirlin', '11309f7faee49cc7530218860b7f005c27ec36d8', 'Alejandrin', 'Kshlerin', '4964 Tavares Prairie Apt. 370 Goodwintown, NC 62419-4504', 'addie.wolf@example.net', 'operator', '261-632-9450x3261', 26);
INSERT INTO lab.user (username, password, first_name, last_name, address, email, status, phone_number, school_id) VALUES ('keaton66', '3cbe498543740b1ee20b29b64041bc09dfc74cb4', 'Jaycee', 'Dickinson', '08692 Angelica Ports West Petra, NC 00562-4616', 'enrique.smith@example.org', 'user', '099.673.2097x55857', 26);
INSERT INTO lab.user (username, password, first_name, last_name, address, email, status, phone_number, school_id) VALUES ('evert.abernathy', '7aa3f76c936140f4058d0365a5cfa5877a9ecaa7', 'Rosanna', 'Renner', '3308 Koch Ridge Apt. 535 New Halie, CT 80276', 'cleve.hudson@example.net', 'user', '163.251.4403', 26);
INSERT INTO lab.user (username, password, first_name, last_name, address, email, status, phone_number, school_id) VALUES ('igrant', '2562440efdeb0a2f69ab23c12f0b3cba99c57421', 'Kevon', 'Baumbach', '610 Brennon Ranch Hudsonburgh, DE 97208', 'walter.sawayn@example.org', 'operator', '1-643-673-5817x988', 27);
INSERT INTO lab.user (username, password, first_name, last_name, address, email, status, phone_number, school_id) VALUES ('otha80', '1aaa86d931369285e6effedbb14ee3e2dda70118', 'Joany', 'Bartoletti', '84424 Beahan Station Devonview, MD 22550', 'eileen.crist@example.net', 'user', '1-437-636-0650x40894', 27);
INSERT INTO lab.user (username, password, first_name, last_name, address, email, status, phone_number, school_id) VALUES ('vella.klein', '3e00901d0f575f8dedb9cf74d202850e6fee4971', 'Cindy', 'Fahey', '27812 Marvin Mountains Suite 818 South Diana, OK 31142', 'emma17@example.com', 'user', '07568510635', 27);
INSERT INTO lab.user (username, password, first_name, last_name, address, email, status, phone_number, school_id) VALUES ('wilson85', '2f47cd0b05305652926e9dcf501558bdae0a4ef7', 'Verla', 'Stamm', '05498 Kayli Terrace Greenport, IA 38731', 'nicola.kassulke@example.com', 'operator', '241.512.3487x479', 28);
INSERT INTO lab.user (username, password, first_name, last_name, address, email, status, phone_number, school_id) VALUES ('jaida.rogahn', 'f77112a362bdb5a78ce7a381e8662dea52a50f05', 'Hayden', 'Blanda', '30688 Karianne Crescent Huelsmouth, ME 46318', 'lehner.rosendo@example.net', 'user', '481-458-7146', 28);
INSERT INTO lab.user (username, password, first_name, last_name, address, email, status, phone_number, school_id) VALUES ('predovic.emiliano', '9bb8884cca61145c920025c05eb69fbbb22341b8', 'Rubye', 'Bins', '347 Daisy Station Suite 608 South Bradfurt, ME 83102', 'willy20@example.com', 'user', '231-242-7208x10381', 28);
INSERT INTO lab.user (username, password, first_name, last_name, address, email, status, phone_number, school_id) VALUES ('bobbie98', '9d05684485ed4d1691ad24f7e44ec5a4d879ce26', 'Perry', 'Beer', '0045 Iva Meadow Stoltenbergborough, ME 44074', 'adolf80@example.org', 'operator', '(858)421-8033', 29);
INSERT INTO lab.user (username, password, first_name, last_name, address, email, status, phone_number, school_id) VALUES ('xander28', '023bb0fd46d423afc148e345cbf454a957367d63', 'Rickie', 'Lakin', '82470 Beahan Drive Faheyville, SC 47026-9586', 'umayert@example.org', 'user', '1-255-060-8503x85276', 29);
INSERT INTO lab.user (username, password, first_name, last_name, address, email, status, phone_number, school_id) VALUES ('regan.hauck', '618e17850c22a5c8067ec58828630995770e4d5c', 'Muriel', 'Johnston', '7142 Boyle Avenue West Khalil, MA 08520-1692', 'sgleason@example.net', 'user', '06321430885', 29);
INSERT INTO lab.user (username, password, first_name, last_name, address, email, status, phone_number, school_id) VALUES ('xo\'keefe', '613875e5c3d4783483cbd4dc3ffc1367464c16fc', 'Maynard', 'Schinner', '17420 Elenora Shoals Suite 051 Lake Ramonamouth, DE 59226-6961', 'beier.trisha@example.com', 'operator', '1-804-900-0551', 30);
INSERT INTO lab.user (username, password, first_name, last_name, address, email, status, phone_number, school_id) VALUES ('aconnelly', '529e53d40de910ed2880be335fe25e4653ff758a', 'Tom', 'Cronin', '773 Selmer Isle Apt. 017 Nikolausstad, FL 88639', 'joseph.mccullough@example.net', 'user', '1-173-032-0692x55950', 30);
INSERT INTO lab.user (username, password, first_name, last_name, address, email, status, phone_number, school_id) VALUES ('crooks.wilhelm', '1219c918b9d152fec7edca0411cfcb2906f57373', 'Gabrielle', 'Schulist', '788 Kenyon Isle Suite 306 Smithfurt, RI 89430-7230', 'christiansen.destany@example.org', 'user', '+06(8)4011717097', 30);

-- rentals insert
insert into lab.rentals (rental_id, username, inventory_id, rental_date, expected_return_date, actual_return_date) values (36, 'kevon42', 46, '2023-05-06', '2023-05-13', null);
insert into lab.rentals (rental_id, username, inventory_id, rental_date, expected_return_date, actual_return_date) values (37, 'econsidine', 25, '2023-05-07', '2023-05-14', null);
insert into lab.rentals (rental_id, username, inventory_id, rental_date, expected_return_date, actual_return_date) values (38, 'ckirlin', 15, '2023-05-08', '2023-05-15', null);
insert into lab.rentals (rental_id, username, inventory_id, rental_date, expected_return_date, actual_return_date) values (39, 'abe.reinger', 2, '2023-05-09', '2023-05-16', null);
insert into lab.rentals (rental_id, username, inventory_id, rental_date, expected_return_date, actual_return_date) values (40, 'gordon49', 32, '2023-05-10', '2023-05-17', null);
insert into lab.rentals (rental_id, username, inventory_id, rental_date, expected_return_date, actual_return_date) values (41, 'carter.hanna', 13, '2023-05-11', '2023-05-18', null);
insert into lab.rentals (rental_id, username, inventory_id, rental_date, expected_return_date, actual_return_date) values (42, 'keely49', 44, '2023-05-12', '2023-05-19', null);
insert into lab.rentals (rental_id, username, inventory_id, rental_date, expected_return_date, actual_return_date) values (43, 'gage78', 30, '2023-05-13', '2023-05-20', null);
insert into lab.rentals (rental_id, username, inventory_id, rental_date, expected_return_date, actual_return_date) values (44, 'igrant', 37, '2023-05-14', '2023-05-21', null);
insert into lab.rentals (rental_id, username, inventory_id, rental_date, expected_return_date, actual_return_date) values (45, 'jason30', 40, '2023-05-15', '2023-05-22', null);
insert into lab.rentals (rental_id, username, inventory_id, rental_date, expected_return_date, actual_return_date) values (46, 'elias32', 26, '2023-05-16', '2023-05-23', null);
insert into lab.rentals (rental_id, username, inventory_id, rental_date, expected_return_date, actual_return_date) values (47, 'dickinson.tatyana', 20, '2023-05-17', '2023-05-24', null);
insert into lab.rentals (rental_id, username, inventory_id, rental_date, expected_return_date, actual_return_date) values (48, 'langosh.jefferey', 50, '2023-05-18', '2023-05-25', null);
insert into lab.rentals (rental_id, username, inventory_id, rental_date, expected_return_date, actual_return_date) values (49, 'keaton66', 43, '2023-05-19', '2023-05-26', null);
insert into lab.rentals (rental_id, username, inventory_id, rental_date, expected_return_date, actual_return_date) values (50, 'kelley.hayes', 45, '2023-05-20', '2023-05-27', null);
insert into lab.rentals (rental_id, username, inventory_id, rental_date, expected_return_date, actual_return_date) values (1, 'bogisich.corbin', 12, '2023-04-01', '2023-04-08', '2023-04-05');
insert into lab.rentals (rental_id, username, inventory_id, rental_date, expected_return_date, actual_return_date) values (2, 'bobbie98', 11, '2023-04-02', '2023-04-09', '2023-04-06');
insert into lab.rentals (rental_id, username, inventory_id, rental_date, expected_return_date, actual_return_date) values (3, 'gibson.annalise', 31, '2023-04-03', '2023-04-10', '2023-04-07');
insert into lab.rentals (rental_id, username, inventory_id, rental_date, expected_return_date, actual_return_date) values (4, 'barney46', 8, '2023-04-04', '2023-04-11', '2023-04-08');
insert into lab.rentals (rental_id, username, inventory_id, rental_date, expected_return_date, actual_return_date) values (5, 'evert.abernathy', 28, '2023-04-05', '2023-04-12', '2023-04-09');
insert into lab.rentals (rental_id, username, inventory_id, rental_date, expected_return_date, actual_return_date) values (6, 'cordell66', 16, '2023-04-06', '2023-04-13', '2023-04-10');
insert into lab.rentals (rental_id, username, inventory_id, rental_date, expected_return_date, actual_return_date) values (7, 'ahackett', 5, '2023-04-07', '2023-04-14', '2023-04-11');
insert into lab.rentals (rental_id, username, inventory_id, rental_date, expected_return_date, actual_return_date) values (8, 'douglas.kian', 23, '2023-04-08', '2023-04-15', '2023-04-12');
insert into lab.rentals (rental_id, username, inventory_id, rental_date, expected_return_date, actual_return_date) values (9, 'crooks.wilhelm', 17, '2023-04-09', '2023-04-16', '2023-04-13');
insert into lab.rentals (rental_id, username, inventory_id, rental_date, expected_return_date, actual_return_date) values (10, 'ispinka', 38, '2023-04-10', '2023-04-17', '2023-04-14');
insert into lab.rentals (rental_id, username, inventory_id, rental_date, expected_return_date, actual_return_date) values (11, 'kub.daniela', 48, '2023-04-11', '2023-04-18', '2023-04-15');
insert into lab.rentals (rental_id, username, inventory_id, rental_date, expected_return_date, actual_return_date) values (12, 'josh93', 42, '2023-04-12', '2023-04-19', '2023-04-16');
insert into lab.rentals (rental_id, username, inventory_id, rental_date, expected_return_date, actual_return_date) values (13, 'aarmstrong', 1, '2023-04-13', '2023-04-20', '2023-04-17');
insert into lab.rentals (rental_id, username, inventory_id, rental_date, expected_return_date, actual_return_date) values (14, 'arden82', 7, '2023-04-14', '2023-04-21', '2023-04-18');
insert into lab.rentals (rental_id, username, inventory_id, rental_date, expected_return_date, actual_return_date) values (15, 'kling.rafael', 47, '2023-04-15', '2023-04-22', '2023-04-19');
insert into lab.rentals (rental_id, username, inventory_id, rental_date, expected_return_date, actual_return_date) values (16, 'darius27', 18, '2023-04-16', '2023-04-23', '2023-04-20');
insert into lab.rentals (rental_id, username, inventory_id, rental_date, expected_return_date, actual_return_date) values (17, 'elmore75', 27, '2023-04-17', '2023-04-24', '2023-04-21');
insert into lab.rentals (rental_id, username, inventory_id, rental_date, expected_return_date, actual_return_date) values (18, 'hanna28', 34, '2023-04-18', '2023-04-25', '2023-04-22');
insert into lab.rentals (rental_id, username, inventory_id, rental_date, expected_return_date, actual_return_date) values (19, 'jaida.rogahn', 39, '2023-04-19', '2023-04-26', '2023-04-23');
insert into lab.rentals (rental_id, username, inventory_id, rental_date, expected_return_date, actual_return_date) values (20, 'dominique.mcclure', 21, '2023-04-20', '2023-04-27', '2023-04-24');
insert into lab.rentals (rental_id, username, inventory_id, rental_date, expected_return_date, actual_return_date) values (21, 'dbashirian', 19, '2023-04-21', '2023-04-28', '2023-04-25');
insert into lab.rentals (rental_id, username, inventory_id, rental_date, expected_return_date, actual_return_date) values (22, 'hbartoletti', 35, '2023-04-22', '2023-04-29', '2023-04-26');
insert into lab.rentals (rental_id, username, inventory_id, rental_date, expected_return_date, actual_return_date) values (23, 'aosinski', 6, '2023-04-23', '2023-04-30', '2023-04-27');
insert into lab.rentals (rental_id, username, inventory_id, rental_date, expected_return_date, actual_return_date) values (24, 'barrett13', 9, '2023-04-24', '2023-05-01', '2023-04-28');
insert into lab.rentals (rental_id, username, inventory_id, rental_date, expected_return_date, actual_return_date) values (25, 'easton.skiles', 24, '2023-04-25', '2023-05-02', '2023-04-29');
insert into lab.rentals (rental_id, username, inventory_id, rental_date, expected_return_date, actual_return_date) values (26, 'jennifer.cormier', 41, '2023-04-26', '2023-05-03', '2023-04-30');
insert into lab.rentals (rental_id, username, inventory_id, rental_date, expected_return_date, actual_return_date) values (27, 'casimer99', 14, '2023-04-27', '2023-05-04', '2023-05-01');
insert into lab.rentals (rental_id, username, inventory_id, rental_date, expected_return_date, actual_return_date) values (28, 'goyette.anika', 33, '2023-04-28', '2023-05-05', '2023-05-02');
insert into lab.rentals (rental_id, username, inventory_id, rental_date, expected_return_date, actual_return_date) values (29, 'aconnelly', 3, '2023-04-29', '2023-05-06', '2023-05-03');
insert into lab.rentals (rental_id, username, inventory_id, rental_date, expected_return_date, actual_return_date) values (30, 'lane49', 49, '2023-04-30', '2023-05-07', '2023-05-04');
insert into lab.rentals (rental_id, username, inventory_id, rental_date, expected_return_date, actual_return_date) values (31, 'adah.bins', 4, '2023-05-01', '2023-05-08', '2023-05-05');
insert into lab.rentals (rental_id, username, inventory_id, rental_date, expected_return_date, actual_return_date) values (32, 'hkassulke', 36, '2023-05-02', '2023-05-09', '2023-05-06');
insert into lab.rentals (rental_id, username, inventory_id, rental_date, expected_return_date, actual_return_date) values (33, 'fhaley', 29, '2023-05-03', '2023-05-10', '2023-05-07');
insert into lab.rentals (rental_id, username, inventory_id, rental_date, expected_return_date, actual_return_date) values (34, 'donavon39', 22, '2023-05-04', '2023-05-11', '2023-05-08');
insert into lab.rentals (rental_id, username, inventory_id, rental_date, expected_return_date, actual_return_date) values (35, 'blake46', 10, '2023-05-05', '2023-05-12', '2023-05-09');


-- reservation insert
insert into lab.reservation (reservation_id, username, reservation_date, expiration_date, ISBN) values (1, 'igrant', '2023-05-15', '2023-05-22', 48839972);
insert into lab.reservation (reservation_id, username, reservation_date, expiration_date, ISBN) values (2, 'casimer99', '2023-05-16', '2023-05-23', 25717312);
insert into lab.reservation (reservation_id, username, reservation_date, expiration_date, ISBN) values (3, 'aosinski', '2023-05-17', '2023-05-24', 14386348);
insert into lab.reservation (reservation_id, username, reservation_date, expiration_date, ISBN) values (4, 'dbashirian', '2023-05-18', '2023-05-25', 29259973);
insert into lab.reservation (reservation_id, username, reservation_date, expiration_date, ISBN) values (5, 'gibson.annalise', '2023-05-19', '2023-05-26', 44286719);
insert into lab.reservation (reservation_id, username, reservation_date, expiration_date, ISBN) values (6, 'cordell66', '2023-05-20', '2023-05-27', 27481397);
insert into lab.reservation (reservation_id, username, reservation_date, expiration_date, ISBN) values (7, 'douglas.kian', '2023-05-21', '2023-05-28', 35523187);
insert into lab.reservation (reservation_id, username, reservation_date, expiration_date, ISBN) values (8, 'donavon39', '2023-05-22', '2023-05-29', 35076575);
insert into lab.reservation (reservation_id, username, reservation_date, expiration_date, ISBN) values (9, 'jason30', '2023-05-23', '2023-05-30', 53713240);
insert into lab.reservation (reservation_id, username, reservation_date, expiration_date, ISBN) values (10, 'evert.abernathy', '2023-05-24', '2023-05-31', 42140678);
insert into lab.reservation (reservation_id, username, reservation_date, expiration_date, ISBN) values (11, 'blake46', '2023-05-25', '2023-06-01', 20022895);
insert into lab.reservation (reservation_id, username, reservation_date, expiration_date, ISBN) values (12, 'barney46', '2023-05-26', '2023-06-02', 17797222);
insert into lab.reservation (reservation_id, username, reservation_date, expiration_date, ISBN) values (13, 'abe.reinger', '2023-05-27', '2023-06-03', 10670240);
insert into lab.reservation (reservation_id, username, reservation_date, expiration_date, ISBN) values (14, 'gordon49', '2023-05-28', '2023-06-04', 44851034);
insert into lab.reservation (reservation_id, username, reservation_date, expiration_date, ISBN) values (15, 'adah.bins', '2023-05-29', '2023-06-05', 12773130);
insert into lab.reservation (reservation_id, username, reservation_date, expiration_date, ISBN) values (16, 'hbartoletti', '2023-05-30', '2023-06-06', 45809052);
insert into lab.reservation (reservation_id, username, reservation_date, expiration_date, ISBN) values (17, 'hkassulke', '2023-05-31', '2023-06-07', 47105713);
insert into lab.reservation (reservation_id, username, reservation_date, expiration_date, ISBN) values (18, 'dominique.mcclure', '2023-06-01', '2023-06-08', 33318576);
insert into lab.reservation (reservation_id, username, reservation_date, expiration_date, ISBN) values (19, 'jaida.rogahn', '2023-06-02', '2023-06-09', 50418069);
insert into lab.reservation (reservation_id, username, reservation_date, expiration_date, ISBN) values (20, 'bogisich.corbin', '2023-06-03', '2023-06-10', 22846177);
insert into lab.reservation (reservation_id, username, reservation_date, expiration_date, ISBN) values (21, 'ispinka', '2023-06-04', '2023-06-11', 49205457);
insert into lab.reservation (reservation_id, username, reservation_date, expiration_date, ISBN) values (22, 'dickinson.tatyana', '2023-06-05', '2023-06-12', 32658924);
insert into lab.reservation (reservation_id, username, reservation_date, expiration_date, ISBN) values (23, 'elias32', '2023-06-06', '2023-06-13', 39962517);
insert into lab.reservation (reservation_id, username, reservation_date, expiration_date, ISBN) values (24, 'crooks.wilhelm', '2023-06-07', '2023-06-14', 27865828);
insert into lab.reservation (reservation_id, username, reservation_date, expiration_date, ISBN) values (25, 'ckirlin', '2023-06-08', '2023-06-15', 27080722);
insert into lab.reservation (reservation_id, username, reservation_date, expiration_date, ISBN) values (26, 'carter.hanna', '2023-06-09', '2023-06-16', 23569314);
insert into lab.reservation (reservation_id, username, reservation_date, expiration_date, ISBN) values (27, 'barrett13', '2023-06-10', '2023-06-17', 18029658);
insert into lab.reservation (reservation_id, username, reservation_date, expiration_date, ISBN) values (28, 'aconnelly', '2023-06-11', '2023-06-18', 11154518);
insert into lab.reservation (reservation_id, username, reservation_date, expiration_date, ISBN) values (29, 'arden82', '2023-06-12', '2023-06-19', 15380986);
insert into lab.reservation (reservation_id, username, reservation_date, expiration_date, ISBN) values (30, 'easton.skiles', '2023-06-13', '2023-06-20', 35752214);
insert into lab.reservation (reservation_id, username, reservation_date, expiration_date, ISBN) values (31, 'goyette.anika', '2023-06-14', '2023-06-21', 44997929);
insert into lab.reservation (reservation_id, username, reservation_date, expiration_date, ISBN) values (32, 'bobbie98', '2023-06-15', '2023-06-22', 20427091);
insert into lab.reservation (reservation_id, username, reservation_date, expiration_date, ISBN) values (33, 'elmore75', '2023-06-16', '2023-06-23', 41290025);
insert into lab.reservation (reservation_id, username, reservation_date, expiration_date, ISBN) values (34, 'fhaley', '2023-06-17', '2023-06-24', 42383794);
insert into lab.reservation (reservation_id, username, reservation_date, expiration_date, ISBN) values (35, 'darius27', '2023-06-18', '2023-06-25', 29066324);
insert into lab.reservation (reservation_id, username, reservation_date, expiration_date, ISBN) values (36, 'econsidine', '2023-06-19', '2023-06-26', 39650768);
insert into lab.reservation (reservation_id, username, reservation_date, expiration_date, ISBN) values (37, 'ahackett', '2023-06-20', '2023-06-27', 14314093);
insert into lab.reservation (reservation_id, username, reservation_date, expiration_date, ISBN) values (38, 'aarmstrong', '2023-06-21', '2023-06-28', 10609160);
insert into lab.reservation (reservation_id, username, reservation_date, expiration_date, ISBN) values (39, 'hanna28', '2023-06-22', '2023-06-29', 45770931);
insert into lab.reservation (reservation_id, username, reservation_date, expiration_date, ISBN) values (40, 'gage78', '2023-06-23', '2023-06-30', 43763011);

-- review insert
insert into lab.review (review_id, username, review_score, review, ISBN) values (1, 'barney46', 1, '', 17797222);
insert into lab.review (review_id, username, review_score, review, ISBN) values (2, 'ckirlin', 1, 'King. On this the whole pack rose up into a line along the passage into the wood for fear of killing somebody, so managed to swallow a morsel of the deepest contempt. ''I''ve seen a rabbit with either.', 27080722);
insert into lab.review (review_id, username, review_score, review, ISBN) values (3, 'dominique.mcclure', 5, 'Ann! Mary Ann!'' said the King. The White Rabbit hurried by--the frightened Mouse splashed his way through the air! Do you think you''re changed, do you?'' ''I''m afraid I am, sir,'' said Alice; not that.', 33318576);
insert into lab.review (review_id, username, review_score, review, ISBN) values (4, 'ahackett', 3, 'Mouse, in a deep voice, ''are done with a melancholy way, being quite unable to move. She soon got it out to the general conclusion, that wherever you go on? It''s by far the most important piece of.', 14314093);
insert into lab.review (review_id, username, review_score, review, ISBN) values (5, 'crooks.wilhelm', 2, 'The twelve jurors were writing down ''stupid things!'' on their slates, when the White Rabbit cried out, ''Silence in the night? Let me see: I''ll give them a railway station.) However, she soon found.', 27865828);
insert into lab.review (review_id, username, review_score, review, ISBN) values (6, 'barrett13', 1, '', 18029658);
insert into lab.review (review_id, username, review_score, review, ISBN) values (7, 'easton.skiles', 2, 'IT. It''s HIM.'' ''I don''t much care where--'' said Alice. ''Well, I can''t remember,'' said the Gryphon. ''Do you know I''m mad?'' said Alice. ''I''m glad they don''t give birthday presents like that!'' He got.', 35752214);
insert into lab.review (review_id, username, review_score, review, ISBN) values (8, 'aconnelly', 1, '', 11154518);
insert into lab.review (review_id, username, review_score, review, ISBN) values (9, 'bogisich.corbin', 4, '', 22846177);
insert into lab.review (review_id, username, review_score, review, ISBN) values (10, 'aarmstrong', 4, 'He only does it to be ashamed of yourself for asking such a thing before, and behind it was sneezing and howling alternately without a porpoise.'' ''Wouldn''t it really?'' said Alice doubtfully: ''it.', 10609160);
insert into lab.review (review_id, username, review_score, review, ISBN) values (11, 'abe.reinger', 3, 'RABBIT'' engraved upon it. She went in search of her little sister''s dream. The long grass rustled at her as hard as he found it advisable--"'' ''Found WHAT?'' said the Cat remarked. ''Don''t be.', 10670240);
insert into lab.review (review_id, username, review_score, review, ISBN) values (12, 'arden82', 2, '', 15380986);
insert into lab.review (review_id, username, review_score, review, ISBN) values (13, 'econsidine', 4, 'Very soon the Rabbit asked. ''No, I give it up,'' Alice replied: ''what''s the answer?'' ''I haven''t the slightest idea,'' said the King. Here one of the March Hare,) ''--it was at the bottom of a bottle..', 39650768);
insert into lab.review (review_id, username, review_score, review, ISBN) values (14, 'donavon39', 1, 'Alice very politely; but she did not come the same thing, you know.'' ''I don''t believe there''s an atom of meaning in it.'' The jury all looked so good, that it led into a pig, and she at once to eat.', 35076575);
insert into lab.review (review_id, username, review_score, review, ISBN) values (15, 'blake46', 3, '', 20022895);
insert into lab.review (review_id, username, review_score, review, ISBN) values (16, 'douglas.kian', 2, 'Miss, we''re doing our best, afore she comes, to--'' At this moment Alice appeared, she was in livery: otherwise, judging by his garden, and marked, with one finger, as he could go. Alice took up the.', 35523187);
insert into lab.review (review_id, username, review_score, review, ISBN) values (17, 'casimer99', 1, 'Alice, who always took a minute or two the Caterpillar contemptuously. ''Who are YOU?'' Which brought them back again to the Knave. The Knave shook his head sadly. ''Do I look like it?'' he said, ''on.', 25717312);
insert into lab.review (review_id, username, review_score, review, ISBN) values (18, 'dickinson.tatyana', 3, 'Dormouse. ''Don''t talk nonsense,'' said Alice more boldly: ''you know you''re growing too.'' ''Yes, but I think that will be much the same age as herself, to see if she were saying lessons, and began.', 32658924);
insert into lab.review (review_id, username, review_score, review, ISBN) values (19, 'darius27', 1, 'For anything tougher than suet; Yet you balanced an eel on the whole pack of cards: the Knave of Hearts, carrying the King''s crown on a crimson velvet cushion; and, last of all this time. ''I want a.', 29066324);
insert into lab.review (review_id, username, review_score, review, ISBN) values (20, 'carter.hanna', 3, 'Take your choice!'' The Duchess took her choice, and was just in time to wash the things I used to say anything. ''Why,'' said the Mock Turtle in the air. Even the Duchess began in a day did you manage.', 23569314);
insert into lab.review (review_id, username, review_score, review, ISBN) values (21, 'dbashirian', 4, 'She felt very glad to find that she began very cautiously: ''But I don''t like it, yer honour, at all, as the Caterpillar seemed to quiver all over with William the Conqueror.'' (For, with all her.', 29259973);
insert into lab.review (review_id, username, review_score, review, ISBN) values (22, 'cordell66', 1, 'Majesty,'' the Hatter continued, ''in this way:-- "Up above the world am I? Ah, THAT''S the great hall, with the dream of Wonderland of long ago: and how she would get up and down in a dreamy sort of a.', 27481397);
insert into lab.review (review_id, username, review_score, review, ISBN) values (23, 'adah.bins', 4, '', 12773130);
insert into lab.review (review_id, username, review_score, review, ISBN) values (24, 'bobbie98', 5, '', 20427091);
insert into lab.review (review_id, username, review_score, review, ISBN) values (25, 'aosinski', 1, '', 14386348);
